Sweep,Value,Model,MaxReal,DominantFrequencyHz,DominantSigma,Sigma,Omega,FrequencyHz,DampingRatio,Stable
SCR,1.25,GFL-WT,NaN,NaN,NaN,NaN,NaN,NaN,NaN,0
SCR,1.34980103398349,GFL-WT,NaN,NaN,NaN,NaN,NaN,NaN,NaN,0
SCR,1.45757026507431,GFL-WT,NaN,NaN,NaN,NaN,NaN,NaN,NaN,0
SCR,1.57394388072072,GFL-WT,NaN,NaN,NaN,NaN,NaN,NaN,NaN,0
SCR,1.69960886210304,GFL-WT,NaN,NaN,NaN,NaN,NaN,NaN,NaN,0
SCR,1.83530703954735,GFL-WT,NaN,NaN,NaN,NaN,NaN,NaN,NaN,0
SCR,1.98183947172655,GFL-WT,1483.03097942378,2096.66850310747,1483.03097942378,-0.62131405213763,12.5513997822843,1.99761731807308,0.0494410363185832,0
SCR,2.14007117450063,GFL-WT,1477.55561155317,2103.11470197855,1477.55561155317,-0.621314052137627,12.5513997822843,1.99761731807308,0.049441036318583,0
SCR,2.31093622731136,GFL-WT,1471.22693618051,2109.7020115584,1471.22693618051,-0.621314052137604,12.5513997822843,1.99761731807308,0.0494410363185812,0
SCR,2.49544328727582,GFL-WT,1464.23811246226,2116.52820313226,1464.23811246226,-0.621314052137604,12.5513997822843,1.99761731807308,0.0494410363185812,0
SCR,2.69468154352965,GFL-WT,1456.64129841725,2123.63237309848,1456.64129841725,-0.621314052137604,12.5513997822843,1.99761731807308,0.0494410363185812,0
SCR,2.90982714697003,GFL-WT,1448.44866025866,2131.03484663296,1448.44866025866,-0.621314052137604,12.5513997822843,1.99761731807308,0.0494410363185812,0
SCR,3.1421501533547,GFL-WT,1439.65687476685,2138.74693519004,1439.65687476685,-0.621314052137604,12.5513997822843,1.99761731807308,0.0494410363185812,0
SCR,3.39302202074363,GFL-WT,1430.2559811929,2146.77433949952,1430.2559811929,-0.621314052137604,12.5513997822843,1.99761731807308,0.0494410363185812,0
SCR,3.6639237055428,GFL-WT,1420.23347123722,2155.1185614217,1420.23347123722,-0.621314052137604,12.5513997822843,1.99761731807308,0.0494410363185812,0
SCR,3.95645440494263,GFL-WT,1409.57656599143,2163.77754534122,1409.57656599143,-0.621314052137604,12.5513997822843,1.99761731807308,0.0494410363185812,0
SCR,4.27234099736006,GFL-WT,1398.27371327207,2172.74598570049,1398.27371327207,-0.621314052137604,12.5513997822843,1.99761731807308,0.0494410363185812,0
SCR,4.61344823661333,GFL-WT,1386.31570128868,2182.01548324342,1386.31570128868,-0.621314052137604,12.5513997822843,1.99761731807308,0.0494410363185812,0
SCR,4.98178976000797,GFL-WT,1373.69656341964,2191.57463774828,1373.69656341964,-0.621314052137604,12.5513997822843,1.99761731807308,0.0494410363185812,0
SCR,5.37953997531769,GFL-WT,1360.41434895778,2201.40912376398,1360.41434895778,-0.621314052137604,12.5513997822843,1.99761731807308,0.0494410363185812,0
SCR,5.80904689683146,GFL-WT,1346.47178862761,2211.50177612452,1346.47178862761,-0.621314052137604,12.5513997822843,1.99761731807308,0.0494410363185812,0
SCR,6.27284600624134,GFL-WT,1331.87686050127,2221.83270141313,1331.87686050127,-0.621314052137604,12.5513997822843,1.99761731807308,0.0494410363185812,0
SCR,6.773675220195,GFL-WT,1316.64325002361,2232.37942512499,1316.64325002361,-0.621314052137628,12.5513997822843,1.99761731807308,0.0494410363185831,0
SCR,7.31449105287003,GFL-WT,1300.79069231642,2243.1170798439,1300.79069231642,-0.621314052137604,12.5513997822843,1.99761731807308,0.0494410363185812,0
SCR,7.89848606898155,GFL-WT,1284.34518334959,2254.0186363514,1284.34518334959,-0.621314052137628,12.5513997822843,1.99761731807308,0.0494410363185831,0
SCR,8.52910773025237,GFL-WT,1267.33904783373,2265.05517675335,1267.33904783373,-0.621314052137604,12.5513997822843,1.99761731807308,0.0494410363185812,0
SCR,9.21007874660097,GFL-WT,1249.8108550332,2276.19620629023,1249.8108550332,-0.621314052137604,12.5513997822843,1.99761731807308,0.0494410363185812,0
SCR,9.94541905218506,GFL-WT,1231.80517849553,2287.40999842644,1231.80517849553,-0.621314052137604,12.5513997822843,1.99761731807308,0.0494410363185812,0
SCR,10.7394695360308,GFL-WT,1213.3722014628,2298.66396611101,1213.3722014628,-0.621314052137629,12.5513997822843,1.99761731807308,0.0494410363185832,0
SCR,11.5969176673348,GFL-WT,1194.56717593396,2309.92505080531,1194.56717593396,-0.621314052137604,12.5513997822843,1.99761731807308,0.0494410363185812,0
SCR,12.5228251667119,GFL-WT,1175.44974941318,2321.16012000901,1175.44974941318,-0.621314052137604,12.5513997822843,1.99761731807308,0.0494410363185812,0
SCR,13.5226578867378,GFL-WT,1156.08317892005,2332.33636361317,1156.08317892005,-0.621314052137604,12.5513997822843,1.99761731807308,0.0494410363185812,0
SCR,14.6023180781789,GFL-WT,1136.53345638781,2343.42167945675,1136.53345638781,-0.621314052137604,12.5513997822843,1.99761731807308,0.0494410363185812,0
SCR,15.7681792323853,GFL-WT,1116.86837287388,2354.38503894959,1116.86837287388,-0.621314052137604,12.5513997822843,1.99761731807308,0.0494410363185812,0
SCR,17.0271237055285,GFL-WT,1097.15655084324,2365.19682448832,1097.15655084324,-0.621314052137604,12.5513997822843,1.99761731807308,0.0494410363185812,0
SCR,18.3865833467897,GFL-WT,1077.46647414916,2375.82913157586,1077.46647414916,-0.621314052137604,12.5513997822843,1.99761731807308,0.0494410363185812,0
SCR,19.8545833703362,GFL-WT,1057.86554421787,2386.25602997496,1057.86554421787,-0.621314052137604,12.5513997822843,1.99761731807308,0.0494410363185812,0
SCR,21.439789730073,GFL-WT,1038.41918855219,2396.45377979648,1038.41918855219,-0.621314052137604,12.5513997822843,1.99761731807308,0.0494410363185812,0
SCR,23.1515602768328,GFL-WT,1019.19004424529,2406.40100004983,1019.19004424529,-0.621314052137604,12.5513997822843,1.99761731807308,0.0494410363185812,0
SCR,25,GFL-WT,1000.23723493137,2416.07878879083,1000.23723493137,-0.621314052137604,12.5513997822843,1.99761731807308,0.0494410363185812,0
SCR,1.25,GFM-GWT,NaN,NaN,NaN,NaN,NaN,NaN,NaN,0
SCR,1.34980103398349,GFM-GWT,NaN,NaN,NaN,NaN,NaN,NaN,NaN,0
SCR,1.45757026507431,GFM-GWT,NaN,NaN,NaN,NaN,NaN,NaN,NaN,0
SCR,1.57394388072072,GFM-GWT,NaN,NaN,NaN,NaN,NaN,NaN,NaN,0
SCR,1.69960886210304,GFM-GWT,NaN,NaN,NaN,NaN,NaN,NaN,NaN,0
SCR,1.83530703954735,GFM-GWT,NaN,NaN,NaN,NaN,NaN,NaN,NaN,0
SCR,1.98183947172655,GFM-GWT,1423.33443165346,2105.79389360408,1423.33443165346,-0.621314052137617,12.5513997822843,1.99761731807309,0.049441036318582,0
SCR,2.14007117450063,GFM-GWT,1416.23441092821,2111.29431718687,1416.23441092821,-0.621314052137617,12.5513997822843,1.99761731807308,0.0494410363185823,0
SCR,2.31093622731136,GFM-GWT,1408.62888410507,2117.08299629645,1408.62888410507,-0.621314052137623,12.5513997822843,1.99761731807308,0.0494410363185827,0
SCR,2.49544328727582,GFM-GWT,1400.49203820753,2123.16683722678,1400.49203820753,-0.621314052137628,12.5513997822843,1.99761731807308,0.0494410363185833,0
SCR,2.69468154352965,GFM-GWT,1391.79801661383,2129.55056522129,1391.79801661383,-0.621314052137622,12.5513997822843,1.99761731807308,0.0494410363185827,0
SCR,2.90982714697003,GFM-GWT,1382.52157531122,2136.23722400834,1382.52157531122,-0.621314052137627,12.5513997822843,1.99761731807308,0.0494410363185831,0
SCR,3.1421501533547,GFM-GWT,1372.6385549625,2143.22817335388,1372.6385549625,-0.62131405213762,12.5513997822843,1.99761731807308,0.0494410363185825,0
SCR,3.39302202074363,GFM-GWT,1362.12634847775,2150.5229879831,1362.12634847775,-0.621314052137647,12.5513997822843,1.99761731807308,0.0494410363185848,0
SCR,3.6639237055428,GFM-GWT,1350.96439161376,2158.11933403504,1350.96439161376,-0.62131405213762,12.5513997822843,1.99761731807308,0.0494410363185825,0
SCR,3.95645440494263,GFM-GWT,1339.13467869781,2166.01284729508,1339.13467869781,-0.621314052137687,12.5513997822843,1.99761731807308,0.0494410363185878,0
SCR,4.27234099736006,GFM-GWT,1326.6222972797,2174.19702479465,1326.6222972797,-0.621314052137599,12.5513997822843,1.99761731807308,0.0494410363185808,0
SCR,4.61344823661333,GFM-GWT,1313.41597158586,2182.66313726385,1313.41597158586,-0.621314052137641,12.5513997822843,1.99761731807309,0.0494410363185841,0
SCR,4.98178976000797,GFM-GWT,1299.50860168516,2191.40016827252,1299.50860168516,-0.62131405213762,12.5513997822843,1.99761731807308,0.0494410363185825,0
SCR,5.37953997531769,GFM-GWT,1284.89778305517,2200.39478490091,1284.89778305517,-0.62131405213762,12.5513997822843,1.99761731807308,0.0494410363185825,0
SCR,5.80904689683146,GFM-GWT,1269.58628956144,2209.63134394047,1269.58628956144,-0.621314052137644,12.5513997822843,1.99761731807309,0.0494410363185843,0
SCR,6.27284600624134,GFM-GWT,1253.58250184989,2219.09193671365,1253.58250184989,-0.621314052137687,12.5513997822843,1.99761731807308,0.0494410363185877,0
SCR,6.773675220195,GFM-GWT,1236.90076288259,2228.7564745779,1236.90076288259,-0.621314052137552,12.5513997822843,1.99761731807308,0.0494410363185771,0
SCR,7.31449105287003,GFM-GWT,1219.56164296477,2238.60281600669,1219.56164296477,-0.62131405213763,12.5513997822843,1.99761731807308,0.0494410363185832,0
SCR,7.89848606898155,GFM-GWT,1201.59209813811,2248.6069348667,1201.59209813811,-0.621314052137569,12.5513997822843,1.99761731807308,0.0494410363185785,0
SCR,8.52910773025237,GFM-GWT,1183.02550833163,2258.74312815694,1183.02550833163,-0.621314052137634,12.5513997822843,1.99761731807308,0.0494410363185836,0
SCR,9.21007874660097,GFM-GWT,1163.90158502916,2268.98426011902,1163.90158502916,-0.621314052137627,12.5513997822843,1.99761731807308,0.049441036318583,0
SCR,9.94541905218506,GFM-GWT,1144.26614243854,2279.30203830889,1144.26614243854,-0.621314052137698,12.5513997822843,1.99761731807309,0.0494410363185886,0
SCR,10.7394695360308,GFM-GWT,1124.17073089904,2289.66731603487,1124.17073089904,-0.621314052137614,12.5513997822843,1.99761731807308,0.0494410363185821,0
SCR,11.5969176673348,GFM-GWT,1103.67213644531,2300.05041455228,1103.67213644531,-0.621314052137628,12.5513997822843,1.99761731807308,0.0494410363185831,0
SCR,12.5228251667119,GFM-GWT,1082.83175566828,2310.42145763456,1082.83175566828,-0.621314052137685,12.5513997822843,1.99761731807308,0.0494410363185877,0
SCR,13.5226578867378,GFM-GWT,1061.71486002324,2320.75071065532,1061.71486002324,-0.621314052137612,12.5513997822843,1.99761731807309,0.0494410363185817,0
SCR,14.6023180781789,GFM-GWT,1040.38976821395,2331.00891614099,1040.38976821395,-0.621314052137795,12.5513997822843,1.99761731807309,0.0494410363185963,0
SCR,15.7681792323853,GFM-GWT,1018.92694897164,2341.16761789993,1018.92694897164,-0.621314052137621,12.5513997822843,1.99761731807309,0.0494410363185825,0
SCR,17.0271237055285,GFM-GWT,997.398079196512,2351.19946629497,997.398079196512,-0.621314052137593,12.5513997822843,1.99761731807308,0.0494410363185804,0
SCR,18.3865833467897,GFM-GWT,975.875083923691,2361.07849797165,975.875083923691,-0.621314052137586,12.5513997822843,1.99761731807308,0.0494410363185798,0
SCR,19.8545833703362,GFM-GWT,954.429184814339,2370.78038433792,954.429184814339,-0.621314052137684,12.5513997822843,1.99761731807309,0.0494410363185875,0
SCR,21.439789730073,GFM-GWT,933.129982901776,2380.2826442619,933.129982901776,-0.621314052137612,12.5513997822843,1.99761731807308,0.0494410363185819,0
SCR,23.1515602768328,GFM-GWT,912.044599195379,2389.56481774333,912.044599195379,-0.621314052137645,12.5513997822843,1.99761731807308,0.0494410363185845,0
SCR,25,GFM-GWT,891.236893702276,2398.60859865419,891.236893702276,-0.621314052137624,12.5513997822843,1.99761731807308,0.0494410363185829,0
SCR,1.25,GFM-MWT,NaN,NaN,NaN,NaN,NaN,NaN,NaN,0
SCR,1.34980103398349,GFM-MWT,NaN,NaN,NaN,NaN,NaN,NaN,NaN,0
SCR,1.45757026507431,GFM-MWT,NaN,NaN,NaN,NaN,NaN,NaN,NaN,0
SCR,1.57394388072072,GFM-MWT,NaN,NaN,NaN,NaN,NaN,NaN,NaN,0
SCR,1.69960886210304,GFM-MWT,NaN,NaN,NaN,NaN,NaN,NaN,NaN,0
SCR,1.83530703954735,GFM-MWT,NaN,NaN,NaN,NaN,NaN,NaN,NaN,0
SCR,1.98183947172655,GFM-MWT,1423.33443166049,2105.79389360462,1423.33443166049,0.135262129185831,12.5685977138719,2.00035445389621,-0.0107612877746163,0
SCR,2.14007117450063,GFM-MWT,1416.23441093455,2111.29431718735,1416.23441093455,0.138556310335978,12.5689301547332,2.00040736350257,-0.0110230457609807,0
SCR,2.31093622731136,GFM-MWT,1408.62888411114,2117.0829962968,1408.62888411114,0.141500794388188,12.5692500338117,2.0004582738391,-0.0112569825771212,0
SCR,2.49544328727582,GFM-MWT,1400.49203821317,2123.16683722719,1400.49203821317,0.144337711392123,12.5695714426058,2.00050942763744,-0.0114823481996804,0
SCR,2.69468154352965,GFM-MWT,1391.79801661915,2129.5505652217,1391.79801661915,0.147159562576561,12.5699004788003,2.00056179537425,-0.0117064951275299,0
SCR,2.90982714697003,GFM-MWT,1382.52157531653,2136.23722400871,1382.52157531653,0.150014526949943,12.5702409125432,2.00061597708722,-0.0119332514302819,0
SCR,3.1421501533547,GFM-MWT,1372.63855496741,2143.22817335425,1372.63855496741,0.152932160385567,12.5705955899621,2.00067242575166,-0.0121649640970692,0
SCR,3.39302202074363,GFM-MWT,1362.12634848236,2150.52298798349,1362.12634848236,0.155932499891358,12.5709669368038,2.0007315274371,-0.0124032229096423,0
SCR,3.6639237055428,GFM-MWT,1350.96439161836,2158.1193340354,1350.96439161836,0.159029992903154,12.5713571764175,2.00079363600062,-0.0126491728488899,0
SCR,3.95645440494263,GFM-MWT,1339.13467870202,2166.01284729547,1339.13467870202,0.162235407271626,12.5717684327413,2.00085908947743,-0.0129036659485781,0
SCR,4.27234099736006,GFM-MWT,1326.62229728399,2174.19702479497,1326.62229728399,0.165556833398353,12.572202778055,2.00092821768111,-0.0131673409720186,0
SCR,4.61344823661333,GFM-MWT,1313.41597158994,2182.6631372642,1313.41597158994,0.169000231818551,12.5726622501754,2.00100134494029,-0.0134406669559299,0
SCR,4.98178976000797,GFM-MWT,1299.50860168934,2191.40016827279,1299.50860168934,0.172569739498545,12.5731488507947,2.00107878983417,-0.0137239675804268,0
SCR,5.37953997531769,GFM-MWT,1284.89778305928,2200.39478490124,1284.89778305928,0.176267837031663,12.5736645300595,2.0011608627382,-0.0140174344926078,0
SCR,5.80904689683146,GFM-MWT,1269.5862895655,2209.63134394072,1269.5862895655,0.180095440101894,12.5742111615457,2.00124786184128,-0.0143211346233557,0
SCR,6.27284600624134,GFM-MWT,1253.58250185314,2219.09193671396,1253.58250185314,0.184051946918168,12.5747905097088,2.00134006796522,-0.0146350140197571,0
SCR,6.773675220195,GFM-MWT,1236.90076288611,2228.7564745782,1236.90076288611,0.188135265474501,12.5754041919971,2.00143773853488,-0.0149589000904962,0
SCR,7.31449105287003,GFM-MWT,1219.56164296792,2238.602816007,1219.56164296792,0.19234183168709,12.5760536370573,2.00154110092647,-0.0152925031436095,0
SCR,7.89848606898155,GFM-MWT,1201.59209814143,2248.60693486691,1201.59209814143,0.19666663519511,12.5767400420869,2.0016503456799,-0.0156354185491688,0
SCR,8.52910773025237,GFM-MWT,1183.02550833445,2258.74312815723,1183.02550833445,0.201103248826183,12.5774643284604,2.00176561943645,-0.0159871292109366,0
SCR,9.21007874660097,GFM-MWT,1163.90158503216,2268.9842601193,1163.90158503216,0.205643882319479,12.5782271021167,2.00188701863433,-0.0163470099759157,0
SCR,9.94541905218506,GFM-MWT,1144.26614244126,2279.30203830917,1144.26614244126,0.210279442827182,12.5790286139097,2.00201458319812,-0.0167143325974421,0
SCR,10.7394695360308,GFM-MWT,1124.17073090149,2289.66731603516,1124.17073090149,0.214999628931663,12.5798687296213,2.00214829176639,-0.0170882733625765,0
SCR,11.5969176673348,GFM-MWT,1103.67213644754,2300.05041455255,1103.67213644754,0.219793034201235,12.5807469030429,2.00228805740733,-0.0174679214836135,0
SCR,12.5228251667119,GFM-MWT,1082.8317556709,2310.42145763478,1082.8317556709,0.224647277355819,12.5816621596183,2.00243372501551,-0.0178522895968145,0
SCR,13.5226578867378,GFM-MWT,1061.7148600253,2320.75071065555,1061.7148600253,0.22954914904754,12.582613088446,2.00258507003897,-0.018240325572185,0
SCR,14.6023180781789,GFM-MWT,1040.38976821595,2331.00891614123,1040.38976821595,0.234484775535416,12.5835978442183,2.00274179878786,-0.0186309256491972,0
SCR,15.7681792323853,GFM-MWT,1018.92694897365,2341.16761790015,1018.92694897365,0.239439796871333,12.584614160162,2.00290355049404,-0.0190229487019852,0
SCR,17.0271237055285,GFM-MWT,997.398079198318,2351.19946629522,997.398079198318,0.244399547147325,12.5856593681085,2.00306990050528,-0.019415230645429,0
SCR,18.3865833467897,GFM-MWT,975.875083925503,2361.0784979719,975.875083925503,0.249349251978338,12.5867304333679,2.0032403658357,-0.0198066001706064,0
SCR,19.8545833703362,GFM-MWT,954.42918481559,2370.78038433817,954.42918481559,0.254274213610856,12.5878239933429,2.00341441131129,-0.020195893469902,0
SCR,21.439789730073,GFM-MWT,933.129982903326,2380.28264426208,933.129982903326,0.2591599982045,12.5889364058412,2.00359145725914,-0.0205819690947585,0
SCR,23.1515602768328,GFM-MWT,912.044599196754,2389.56481774349,912.044599196754,0.263992614159506,12.5900638051418,2.00377088843067,-0.0209637220623911,0
SCR,25,GFM-MWT,891.236893703994,2398.60859865442,891.236893703994,0.268758677219423,12.5912021604072,2.00395206329815,-0.0213400968797391,0
SCR,1.25,GFM-MWT+AD,NaN,NaN,NaN,NaN,NaN,NaN,NaN,0
SCR,1.34980103398349,GFM-MWT+AD,NaN,NaN,NaN,NaN,NaN,NaN,NaN,0
SCR,1.45757026507431,GFM-MWT+AD,NaN,NaN,NaN,NaN,NaN,NaN,NaN,0
SCR,1.57394388072072,GFM-MWT+AD,NaN,NaN,NaN,NaN,NaN,NaN,NaN,0
SCR,1.69960886210304,GFM-MWT+AD,NaN,NaN,NaN,NaN,NaN,NaN,NaN,0
SCR,1.83530703954735,GFM-MWT+AD,NaN,NaN,NaN,NaN,NaN,NaN,NaN,0
SCR,1.98183947172655,GFM-MWT+AD,1423.33443166048,2105.79389360462,1423.33443166048,0.0364130659340735,12.474632000496,1.98539934613128,-0.00291895671207146,0
SCR,2.14007117450063,GFM-MWT+AD,1416.23441093461,2111.29431718734,1416.23441093461,0.0204537225745955,12.4600466173611,1.98307801030846,-0.00164154241511012,0
SCR,2.31093622731136,GFM-MWT+AD,1408.62888411116,2117.0829962968,1408.62888411116,0.00618313281140589,12.4465215001376,1.98092542104646,-0.000496775910312068,0
SCR,2.49544328727582,GFM-MWT+AD,1400.49203821329,2123.16683722717,1400.49203821329,-0.00758733626452368,12.4330727182701,1.97878498093367,0.000610254200522247,0
SCR,2.69468154352965,GFM-MWT+AD,1391.79801661909,2129.55056522168,1391.79801661909,-0.0213087556818798,12.4192894973042,1.97659131318522,0.00171577643964083,0
SCR,2.90982714697003,GFM-MWT+AD,1382.5215753165,2136.23722400871,1382.5215753165,-0.0352117630666773,12.4049246683774,1.97430507965485,0.00283851955201012,0
SCR,3.1421501533547,GFM-MWT+AD,1372.63855496739,2143.22817335427,1372.63855496739,-0.0494317200444101,12.3897943087653,1.97189700813184,0.00398968097410869,0
SCR,3.39302202074363,GFM-MWT+AD,1362.12634848236,2150.52298798347,1362.12634848236,-0.0640519453811446,12.3737417851412,1.96934216964796,0.00517637173599321,0
SCR,3.6639237055428,GFM-MWT+AD,1350.96439161829,2158.11933403538,1350.96439161829,-0.0791211065000912,12.3566219878799,1.96661746928909,0.00640300274945179,0
SCR,3.95645440494263,GFM-MWT+AD,1339.13467870208,2166.01284729546,1339.13467870208,-0.0946601972280887,12.3382936703799,1.9637004269604,0.0076718397213078,0
SCR,4.27234099736006,GFM-MWT+AD,1326.62229728406,2174.19702479495,1326.62229728406,-0.110664498163146,12.3186157824072,1.96056859381995,0.00898315483470791,0
SCR,4.61344823661333,GFM-MWT+AD,1313.41597158998,2182.66313726421,1313.41597158998,-0.127102707162711,12.2974463295773,1.95719937075951,0.0103351472590552,0
SCR,4.98178976000797,GFM-MWT+AD,1299.5086016893,2191.4001682728,1299.5086016893,-0.143914332724252,12.2746433024308,1.95357015627169,0.0117237168239812,0
SCR,5.37953997531769,GFM-MWT+AD,1284.89778305927,2200.39478490124,1284.89778305927,-0.161006051950279,12.2500677331596,1.94965883294288,0.0131421434314809,0
SCR,5.80904689683146,GFM-MWT+AD,1269.58628956552,2209.63134394071,1269.58628956552,-0.178247767388157,12.2235891565843,1.94544463659488,0.0145807271967025,0
SCR,6.27284600624134,GFM-MWT+AD,1253.58250185301,2219.09193671398,1253.58250185301,-0.195469298273297,12.1950938029978,1.94090946021644,0.0160264608803498,0
SCR,6.773675220195,GFM-MWT+AD,1236.90076288601,2228.75647457819,1236.90076288601,-0.21245900654748,12.1644956499183,1.93603961290435,0.0174628373777736,0
SCR,7.31449105287003,GFM-MWT+AD,1219.56164296791,2238.60281600702,1219.56164296791,-0.22896599735674,12.1317498885354,1.93082796311496,0.0188699265478366,0
SCR,7.89848606898155,GFM-MWT+AD,1201.59209814146,2248.60693486692,1201.59209814146,-0.244707611511587,12.09686749507,1.92527625776806,0.0202248688134181,0
SCR,8.52910773025237,GFM-MWT+AD,1183.02550833437,2258.74312815722,1183.02550833437,-0.259383408414303,12.0599283872748,1.91939721616906,0.0215029000993197,0
SCR,9.21007874660097,GFM-MWT+AD,1163.90158503206,2268.9842601193,1163.90158503206,-0.272695476320553,12.0210897527845,1.91321585550698,0.0226789205227501,0
SCR,9.94541905218506,GFM-MWT+AD,1144.26614244123,2279.30203830917,1144.26614244123,-0.284372794969215,11.9805861233296,1.90676950266607,0.0237294500857549,0
SCR,10.7394695360308,GFM-MWT+AD,1124.17073090154,2289.66731603515,1124.17073090154,-0.29419535169786,11.93871920449,1.90010617558072,0.0246346416728431,0
SCR,11.5969176673348,GFM-MWT+AD,1103.67213644762,2300.05041455254,1103.67213644762,-0.302012818918533,11.8958382442279,1.89328145879049,0.0253799293214939,0
SCR,12.5228251667119,GFM-MWT+AD,1082.83175567071,2310.42145763481,1082.83175567071,-0.307753747844379,11.8523146567611,1.88635446470404,0.0259569596845842,0
SCR,13.5226578867378,GFM-MWT+AD,1061.71486002545,2320.75071065554,1061.71486002545,-0.311424015871506,11.8085162146309,1.87938372613931,0.0263636654159227,0
SCR,14.6023180781789,GFM-MWT+AD,1040.38976821595,2331.00891614122,1040.38976821595,-0.313096324426244,11.764785633856,1.87242378804469,0.0266035878132916,0
SCR,15.7681792323853,GFM-MWT+AD,1018.92694897379,2341.16761790016,1018.92694897379,-0.312894462001962,11.7214263278111,1.86552294015861,0.026684725162535,0
SCR,17.0271237055285,GFM-MWT+AD,997.39807919824,2351.19946629521,997.39807919824,-0.310976274837409,11.6786956426275,1.85872214038994,0.0266182197804629,0
SCR,18.3865833467897,GFM-MWT+AD,975.875083925296,2361.0784979719,975.875083925296,-0.307518279118314,11.6368041808316,1.85205490717178,0.0264171290104548,0
SCR,19.8545833703362,GFM-MWT+AD,954.429184815507,2370.78038433818,954.429184815507,-0.302703416043079,11.5959190817419,1.84554784155286,0.0260954160057242,0
SCR,21.439789730073,GFM-MWT+AD,933.129982903375,2380.28264426208,933.129982903375,-0.296712326740656,11.5561694918505,1.83922149783576,0.0256672051238622,0
SCR,23.1515602768328,GFM-MWT+AD,912.044599196684,2389.5648177435,912.044599196684,-0.289717661569866,11.5176524161522,1.83309131484493,0.0251462743704064,0
SCR,25,GFM-MWT+AD,891.23689370396,2398.6085986544,891.23689370396,-0.281880869146433,11.4804384944998,1.82716853526212,0.0245457471648696,0
XR,1,GFL-WT,1295.79008607066,2235.54386326179,1295.79008607066,-0.621314052137629,12.5513997822843,1.99761731807308,0.0494410363185831,0
XR,1.48717948717949,GFL-WT,1334.14294884758,2213.88879216897,1334.14294884758,-0.621314052137629,12.5513997822843,1.99761731807308,0.0494410363185831,0
XR,1.97435897435897,GFL-WT,1350.78131899814,2204.34909972489,1350.78131899814,-0.621314052137629,12.5513997822843,1.99761731807308,0.0494410363185831,0
XR,2.46153846153846,GFL-WT,1359.44686496886,2199.41934858397,1359.44686496886,-0.621314052137627,12.5513997822843,1.99761731807308,0.049441036318583,0
XR,2.94871794871795,GFL-WT,1364.54748351622,2196.56873012177,1364.54748351622,-0.621314052137604,12.5513997822843,1.99761731807308,0.0494410363185812,0
XR,3.43589743589744,GFL-WT,1367.82073557615,2194.77984546852,1367.82073557615,-0.621314052137604,12.5513997822843,1.99761731807308,0.0494410363185812,0
XR,3.92307692307692,GFL-WT,1370.05953633762,2193.58594230556,1370.05953633762,-0.621314052137604,12.5513997822843,1.99761731807308,0.0494410363185812,0
XR,4.41025641025641,GFL-WT,1371.66719953924,2192.75014440948,1371.66719953924,-0.621314052137629,12.5513997822843,1.99761731807308,0.0494410363185831,0
XR,4.8974358974359,GFL-WT,1372.86667823535,2192.14236885945,1372.86667823535,-0.621314052137604,12.5513997822843,1.99761731807308,0.0494410363185812,0
XR,5.38461538461539,GFL-WT,1373.78958864672,2191.68653117277,1373.78958864672,-0.621314052137604,12.5513997822843,1.99761731807308,0.0494410363185812,0
XR,5.87179487179487,GFL-WT,1374.51786040746,2191.3357840804,1374.51786040746,-0.621314052137629,12.5513997822843,1.99761731807308,0.0494410363185832,0
XR,6.35897435897436,GFL-WT,1375.10477035512,2191.06002704972,1375.10477035512,-0.621314052137604,12.5513997822843,1.99761731807308,0.0494410363185812,0
XR,6.84615384615385,GFL-WT,1375.58625263661,2190.83921364889,1375.58625263661,-0.621314052137604,12.5513997822843,1.99761731807308,0.0494410363185812,0
XR,7.33333333333333,GFL-WT,1375.9873074574,2190.65957880125,1375.9873074574,-0.621314052137604,12.5513997822843,1.99761731807308,0.0494410363185812,0
XR,7.82051282051282,GFL-WT,1376.32579738743,2190.51141806025,1376.32579738743,-0.621314052137604,12.5513997822843,1.99761731807308,0.0494410363185812,0
XR,8.30769230769231,GFL-WT,1376.61478345389,2190.38773083319,1376.61478345389,-0.621314052137628,12.5513997822843,1.99761731807308,0.0494410363185831,0
XR,8.7948717948718,GFL-WT,1376.86401093393,2190.28336413767,1376.86401093393,-0.621314052137604,12.5513997822843,1.99761731807308,0.0494410363185812,0
XR,9.28205128205128,GFL-WT,1377.08088205119,2190.19445664284,1377.08088205119,-0.621314052137604,12.5513997822843,1.99761731807308,0.0494410363185812,0
XR,9.76923076923077,GFL-WT,1377.27110920599,2190.11806848673,1377.27110920599,-0.621314052137604,12.5513997822843,1.99761731807308,0.0494410363185812,0
XR,10.2564102564103,GFL-WT,1377.43916371866,2190.05192920225,1377.43916371866,-0.621314052137604,12.5513997822843,1.99761731807308,0.0494410363185812,0
XR,10.7435897435897,GFL-WT,1377.58859040977,2189.99426258472,1377.58859040977,-0.621314052137604,12.5513997822843,1.99761731807308,0.0494410363185812,0
XR,11.2307692307692,GFL-WT,1377.72223218143,2189.9436627932,1377.72223218143,-0.621314052137604,12.5513997822843,1.99761731807308,0.0494410363185812,0
XR,11.7179487179487,GFL-WT,1377.84239302049,2189.89900524429,1377.84239302049,-0.621314052137604,12.5513997822843,1.99761731807308,0.0494410363185812,0
XR,12.2051282051282,GFL-WT,1377.95095808496,2189.85938156778,1377.95095808496,-0.621314052137627,12.5513997822843,1.99761731807308,0.049441036318583,0
XR,12.6923076923077,GFL-WT,1378.04948339953,2189.82405147057,1378.04948339953,-0.621314052137604,12.5513997822843,1.99761731807308,0.0494410363185812,0
XR,13.1794871794872,GFL-WT,1378.13926368662,2189.79240666761,1378.13926368662,-0.621314052137604,12.5513997822843,1.99761731807308,0.0494410363185812,0
XR,13.6666666666667,GFL-WT,1378.22138426563,2189.76394353867,1378.22138426563,-0.621314052137627,12.5513997822843,1.99761731807308,0.049441036318583,0
XR,14.1538461538462,GFL-WT,1378.29676117896,2189.7382421809,1378.29676117896,-0.621314052137627,12.5513997822843,1.99761731807308,0.049441036318583,0
XR,14.6410256410256,GFL-WT,1378.36617252583,2189.71495019946,1378.36617252583,-0.621314052137604,12.5513997822843,1.99761731807308,0.0494410363185812,0
XR,15.1282051282051,GFL-WT,1378.43028315554,2189.69377005054,1378.43028315554,-0.621314052137604,12.5513997822843,1.99761731807308,0.0494410363185812,0
XR,15.6153846153846,GFL-WT,1378.48966428851,2189.67444907345,1378.48966428851,-0.621314052137604,12.5513997822843,1.99761731807308,0.0494410363185812,0
XR,16.1025641025641,GFL-WT,1378.54480923639,2189.65677157673,1378.54480923639,-0.621314052137604,12.5513997822843,1.99761731807308,0.0494410363185812,0
XR,16.5897435897436,GFL-WT,1378.59614608578,2189.640552509,1378.59614608578,-0.621314052137604,12.5513997822843,1.99761731807308,0.0494410363185812,0
XR,17.0769230769231,GFL-WT,1378.64404800759,2189.62563236059,1378.64404800759,-0.621314052137627,12.5513997822843,1.99761731807308,0.049441036318583,0
XR,17.5641025641026,GFL-WT,1378.68884168699,2189.6118730307,1378.68884168699,-0.621314052137604,12.5513997822843,1.99761731807308,0.0494410363185812,0
XR,18.0512820512821,GFL-WT,1378.73081426031,2189.59915445569,1378.73081426031,-0.621314052137604,12.5513997822843,1.99761731807308,0.0494410363185812,0
XR,18.5384615384615,GFL-WT,1378.77021905842,2189.58737184169,1378.77021905842,-0.621314052137604,12.5513997822843,1.99761731807308,0.0494410363185812,0
XR,19.025641025641,GFL-WT,1378.80728038571,2189.57643338273,1378.80728038571,-0.621314052137604,12.5513997822843,1.99761731807308,0.0494410363185812,0
XR,19.5128205128205,GFL-WT,1378.84219751574,2189.56625836653,1378.84219751574,-0.621314052137604,12.5513997822843,1.99761731807308,0.0494410363185812,0
XR,20,GFL-WT,1378.87514805394,2189.55677559641,1378.87514805394,-0.621314052137604,12.5513997822843,1.99761731807308,0.0494410363185812,0
XR,1,GFM-GWT,1217.59615868235,2230.85682388654,1217.59615868235,-0.621314052137622,12.5513997822843,1.99761731807308,0.0494410363185827,0
XR,1.48717948717949,GFM-GWT,1258.05783510223,2211.21599731223,1258.05783510223,-0.621314052137654,12.5513997822843,1.99761731807309,0.0494410363185851,0
XR,1.97435897435897,GFM-GWT,1275.56738386199,2202.64393515443,1275.56738386199,-0.621314052137662,12.5513997822843,1.99761731807309,0.0494410363185857,0
XR,2.46153846153846,GFM-GWT,1284.65687022149,2198.25561819424,1284.65687022149,-0.621314052137643,12.5513997822843,1.99761731807308,0.0494410363185844,0
XR,2.94871794871795,GFM-GWT,1289.98721304185,2195.74174394669,1289.98721304185,-0.621314052137599,12.5513997822843,1.99761731807309,0.0494410363185807,0
XR,3.43589743589744,GFM-GWT,1293.39459411661,2194.17880353884,1293.39459411661,-0.621314052137641,12.5513997822843,1.99761731807308,0.0494410363185842,0
XR,3.92307692307692,GFM-GWT,1295.71600329776,2193.14530276086,1295.71600329776,-0.62131405213765,12.5513997822843,1.99761731807308,0.0494410363185849,0
XR,4.41025641025641,GFM-GWT,1297.37654645637,2192.42841972442,1297.37654645637,-0.621314052137593,12.5513997822843,1.99761731807309,0.0494410363185803,0
XR,4.8974358974359,GFM-GWT,1298.61082019578,2191.91186525554,1298.61082019578,-0.621314052137646,12.5513997822843,1.99761731807308,0.0494410363185845,0
XR,5.38461538461539,GFM-GWT,1299.5570544637,2191.5279577928,1299.5570544637,-0.621314052137621,12.5513997822843,1.99761731807308,0.0494410363185825,0
XR,5.87179487179487,GFM-GWT,1300.30112573792,2191.23522670347,1300.30112573792,-0.621314052137706,12.5513997822845,1.99761731807311,0.0494410363185887,0
XR,6.35897435897436,GFM-GWT,1300.89876367321,2191.00715430966,1300.89876367321,-0.621314052137625,12.5513997822843,1.99761731807308,0.0494410363185828,0
XR,6.84615384615385,GFM-GWT,1301.38747913386,2190.8261645069,1301.38747913386,-0.6213140521376,12.5513997822843,1.99761731807308,0.0494410363185809,0
XR,7.33333333333333,GFM-GWT,1301.79331514477,2190.68024558503,1301.79331514477,-0.621314052137629,12.5513997822843,1.99761731807308,0.0494410363185832,0
XR,7.82051282051282,GFM-GWT,1302.13484088941,2190.56096901801,1302.13484088941,-0.621314052137602,12.5513997822843,1.99761731807308,0.049441036318581,0
XR,8.30769230769231,GFM-GWT,1302.4256062297,2190.46228303652,1302.4256062297,-0.621314052137681,12.5513997822843,1.99761731807308,0.0494410363185874,0
XR,8.7948717948718,GFM-GWT,1302.67570070761,2190.37975376639,1302.67570070761,-0.621314052137632,12.5513997822843,1.99761731807308,0.0494410363185834,0
XR,9.28205128205128,GFM-GWT,1302.89277275733,2190.31007410359,1302.89277275733,-0.621314052137651,12.5513997822843,1.99761731807308,0.0494410363185849,0
XR,9.76923076923077,GFM-GWT,1303.08271322024,2190.250737754,1303.08271322024,-0.621314052137644,12.5513997822843,1.99761731807308,0.0494410363185844,0
XR,10.2564102564103,GFM-GWT,1303.25012422731,2190.19981798476,1303.25012422731,-0.621314052137624,12.5513997822843,1.99761731807308,0.0494410363185829,0
XR,10.7435897435897,GFM-GWT,1303.39864743541,2190.15581439709,1303.39864743541,-0.621314052137617,12.5513997822843,1.99761731807309,0.0494410363185821,0
XR,11.2307692307692,GFM-GWT,1303.53119802762,2190.11754486674,1303.53119802762,-0.621314052137666,12.5513997822843,1.99761731807308,0.0494410363185862,0
XR,11.7179487179487,GFM-GWT,1303.65013431101,2190.08406807528,1303.65013431101,-0.621314052137556,12.5513997822842,1.99761731807306,0.0494410363185779,0
XR,12.2051282051282,GFM-GWT,1303.75738249386,2190.0546271363,1303.75738249386,-0.62131405213761,12.5513997822843,1.99761731807309,0.0494410363185816,0
XR,12.6923076923077,GFM-GWT,1303.85452974526,2190.02860800794,1303.85452974526,-0.621314052137669,12.5513997822843,1.99761731807309,0.0494410363185863,0
XR,13.1794871794872,GFM-GWT,1303.94289448447,2190.00550842561,1303.94289448447,-0.621314052137631,12.5513997822843,1.99761731807309,0.0494410363185833,0
XR,13.6666666666667,GFM-GWT,1304.02358008092,2189.9849144257,1304.02358008092,-0.621314052137684,12.5513997822843,1.99761731807309,0.0494410363185874,0
XR,14.1538461538462,GFM-GWT,1304.09751631925,2189.96648241419,1304.09751631925,-0.621314052137519,12.5513997822843,1.99761731807308,0.0494410363185746,0
XR,14.6410256410256,GFM-GWT,1304.16549173763,2189.94992533537,1304.16549173763,-0.621314052137683,12.5513997822843,1.99761731807309,0.0494410363185873,0
XR,15.1282051282051,GFM-GWT,1304.22817907419,2189.93500190403,1304.22817907419,-0.621314052137601,12.5513997822843,1.99761731807309,0.0494410363185808,0
XR,15.6153846153846,GFM-GWT,1304.28615546656,2189.9215081519,1304.28615546656,-0.621314052137649,12.5513997822843,1.99761731807308,0.0494410363185848,0
XR,16.1025641025641,GFM-GWT,1304.33991861044,2189.90927073601,1304.33991861044,-0.621314052137641,12.5513997822843,1.99761731807308,0.0494410363185842,0
XR,16.5897435897436,GFM-GWT,1304.38989978403,2189.89814160376,1304.38989978403,-0.621314052137631,12.5513997822843,1.99761731807308,0.0494410363185833,0
XR,17.0769230769231,GFM-GWT,1304.4364744179,2189.88799370887,1304.4364744179,-0.621314052137603,12.5513997822843,1.99761731807308,0.0494410363185811,0
XR,17.5641025641026,GFM-GWT,1304.47997072886,2189.87871754851,1304.47997072886,-0.621314052137585,12.5513997822843,1.99761731807308,0.0494410363185798,0
XR,18.0512820512821,GFM-GWT,1304.52067681921,2189.87021834681,1304.52067681921,-0.621314052137696,12.5513997822842,1.99761731807308,0.0494410363185886,0
XR,18.5384615384615,GFM-GWT,1304.55884654244,2189.86241375106,1304.55884654244,-0.6213140521376,12.5513997822843,1.99761731807308,0.049441036318581,0
XR,19.025641025641,GFM-GWT,1304.59470438143,2189.85523193656,1304.59470438143,-0.621314052137617,12.5513997822843,1.99761731807308,0.0494410363185822,0
XR,19.5128205128205,GFM-GWT,1304.62844952286,2189.84861003905,1304.62844952286,-0.621314052137605,12.5513997822843,1.99761731807308,0.0494410363185813,0
XR,20,GFM-GWT,1304.6602592793,2189.84249285283,1304.6602592793,-0.621314052137622,12.5513997822843,1.99761731807308,0.0494410363185826,0
XR,1,GFM-MWT,1217.59615868478,2230.85682388681,1217.59615868478,0.18637608693349,12.561275128815,1.9991890282882,-0.014835721161564,0
XR,1.48717948717949,GFM-MWT,1258.05783510566,2211.21599731249,1258.05783510566,0.182468687362457,12.5669905374505,2.00009866382432,-0.0145181502073043,0
XR,1.97435897435897,GFM-MWT,1275.56738386546,2202.64393515467,1275.56738386546,0.17959983054817,12.5696141447635,2.00051622389692,-0.014286954066379,0
XR,2.46153846153846,GFM-MWT,1284.6568702251,2198.25561819453,1284.6568702251,0.177560600192453,12.5709994537861,2.00073670267557,-0.0141232120317044,0
XR,2.94871794871795,GFM-MWT,1289.98721304558,2195.74174394698,1289.98721304558,0.176075382486233,12.5718157158974,2.00086661482545,-0.01400419158988,0
XR,3.43589743589744,GFM-MWT,1293.39459412031,2194.17880353921,1293.39459412031,0.174958440876951,12.5723381647111,2.00094976513667,-0.0139147945200499,0
XR,3.92307692307692,GFM-MWT,1295.71600330166,2193.14530276118,1295.71600330166,0.174093137003251,12.5726942923632,2.00100644461286,-0.0138455962804504,0
XR,4.41025641025641,GFM-MWT,1297.37654646046,2192.42841972474,1297.37654646046,0.173405416275167,12.5729492084755,2.0010470157722,-0.0137906328388286,0
XR,4.8974358974359,GFM-MWT,1298.61082020006,2191.91186525581,1298.61082020006,0.172846881890783,12.5731388862135,2.0010772039218,-0.0137460146366026,0
XR,5.38461538461539,GFM-MWT,1299.55705446748,2191.52795779313,1299.55705446748,0.17238489136087,12.5732845097991,2.00110038063528,-0.0137091220241466,0
XR,5.87179487179487,GFM-MWT,1300.30112574204,2191.23522670375,1300.30112574204,0.171996764059471,12.5733992252976,2.00111863817392,-0.0136781367286131,0
XR,6.35897435897436,GFM-MWT,1300.89876367749,2191.00715430998,1300.89876367749,0.171666311641743,12.5734915538011,2.00113333271164,-0.0136517619934476,0
XR,6.84615384615385,GFM-MWT,1301.38747913812,2190.82616450721,1301.38747913812,0.171381701282142,12.5735672250249,2.00114537616097,-0.013629050556076,0
XR,7.33333333333333,GFM-MWT,1301.79331514867,2190.68024558532,1301.79331514867,0.171134097472016,12.5736302135848,2.00115540110163,-0.0136092954626612,0
XR,7.82051282051282,GFM-MWT,1302.13484089339,2190.56096901834,1302.13484089339,0.170916780605763,12.5736833526733,2.00116385845024,-0.0135919592838476,0
XR,8.30769230769231,GFM-MWT,1302.42560623388,2190.46228303678,1302.42560623388,0.170724552088777,12.5737287087806,2.00117107709891,-0.0135766263877906,0
XR,8.7948717948718,GFM-MWT,1302.67570071159,2190.3797537668,1302.67570071159,0.170553331847985,12.5737678211219,2.00117730202137,-0.0135629706667112,0
XR,9.28205128205128,GFM-MWT,1302.89277276177,2190.31007410395,1302.89277276177,0.170399873195174,12.573801856525,2.001182718924,-0.0135507326907165,0
XR,9.76923076923077,GFM-MWT,1303.08271322439,2190.25073775431,1303.08271322439,0.170261562850313,12.57383171438,2.00118747094921,-0.0135397036896087,0
XR,10.2564102564103,GFM-MWT,1303.25012423118,2190.19981798504,1303.25012423118,0.170136273103417,12.5738580974541,2.00119166994587,-0.0135297137188568,0
XR,10.7435897435897,GFM-MWT,1303.39864743969,2190.15581439741,1303.39864743969,0.170022255680459,12.5738815625041,2.00119540452457,-0.0135206231643348,0
XR,11.2307692307692,GFM-MWT,1303.53119803167,2190.11754486701,1303.53119803167,0.169918060760681,12.5739025556618,2.00119874568938,-0.0135123162639493,0
XR,11.7179487179487,GFM-MWT,1303.65013431561,2190.08406807556,1303.65013431561,0.169822475856064,12.5739214381119,2.00120175092467,-0.0135046962194063,0
XR,12.2051282051282,GFM-MWT,1303.75738249802,2190.05462713663,1303.75738249802,0.169734479075812,12.5739385050242,2.00120446720812,-0.01349768145928,0
XR,12.6923076923077,GFM-MWT,1303.85452974946,2190.02860800827,1303.85452974946,0.169653204536716,12.5739540002887,2.00120693335605,-0.0134912028725097,0
XR,13.1794871794872,GFM-MWT,1303.94289448871,2190.00550842598,1303.94289448871,0.169577912129443,12.5739681264501,2.00120918160447,-0.0134852013935341,0
XR,13.6666666666667,GFM-MWT,1304.02358008495,2189.98491442606,1304.02358008495,0.169507967094795,12.5739810535342,2.00121123901381,-0.0134796263686929,0
XR,14.1538461538462,GFM-MWT,1304.09751632346,2189.96648241454,1304.09751632346,0.169442819886657,12.5739929244681,2.00121312833162,-0.0134744339491515,0
XR,14.6410256410256,GFM-MWT,1304.16549174162,2189.94992533568,1304.16549174162,0.169381994697833,12.5740038611051,2.00121486895146,-0.0134695861719999,0
XR,15.1282051282051,GFM-MWT,1304.22817907857,2189.93500190448,1304.22817907857,0.169325075993116,12.5740139673755,2.00121647741434,-0.0134650498860329,0
XR,15.6153846153846,GFM-MWT,1304.28615547079,2189.92150815228,1304.28615547079,0.169271700012909,12.5740233326464,2.0012179679435,-0.0134607960725304,0
XR,16.1025641025641,GFM-MWT,1304.33991861457,2189.90927073635,1304.33991861457,0.169221546618956,12.5740320339954,2.00121935280621,-0.013456799194426,0
XR,16.5897435897436,GFM-MWT,1304.38989978841,2189.8981416041,1304.38989978841,0.169174332821063,12.574040138321,2.00122064264969,-0.0134530366793169,0
XR,17.0769230769231,GFM-MWT,1304.43647442214,2189.88799370927,1304.43647442214,0.169129808277851,12.5740477040524,2.00122184677323,-0.0134494885598659,0
XR,17.5641025641026,GFM-MWT,1304.47997073328,2189.87871754888,1304.47997073328,0.16908774953183,12.5740547821426,2.00122297328627,-0.0134461370143495,0
XR,18.0512820512821,GFM-MWT,1304.52067682338,2189.87021834713,1304.52067682338,0.169047957726225,12.5740614175186,2.00122402933916,-0.0134429661835488,0
XR,18.5384615384615,GFM-MWT,1304.55884654641,2189.86241375141,1304.55884654641,0.169010254958385,12.5740676499901,2.00122502126782,-0.0134399618798249,0
XR,19.025641025641,GFM-MWT,1304.59470438574,2189.8552319369,1304.59470438574,0.168974480806127,12.574073514429,2.00122595462226,-0.0134371113107275,0
XR,19.5128205128205,GFM-MWT,1304.62844952713,2189.84861003936,1304.62844952713,0.168940491350183,12.5740790420896,2.00122683437677,-0.0134344029998456,0
XR,20,GFM-MWT,1304.66025928343,2189.84249285319,1304.66025928343,0.168908156334848,12.5740842607708,2.00122766495567,-0.013431826560873,0
XR,1,GFM-MWT+AD,1217.59615868479,2230.85682388679,1217.59615868479,-0.303986628356369,12.2586116663796,1.95101864214829,0.0247901813280737,0
XR,1.48717948717949,GFM-MWT+AD,1258.05783510559,2211.21599731252,1258.05783510559,-0.239349266614414,12.2487441202809,1.94944817341049,0.019536989328951,0
XR,1.97435897435897,GFM-MWT+AD,1275.56738386547,2202.64393515466,1275.56738386547,-0.205125571347068,12.2518275548197,1.94993891725904,0.0167401007846541,0
XR,2.46153846153846,GFM-MWT+AD,1284.65687022513,2198.25561819452,1284.65687022513,-0.184673470324853,12.2566879455203,1.9507124724644,0.0150654493688616,0
XR,2.94871794871795,GFM-MWT+AD,1289.98721304554,2195.74174394698,1289.98721304554,-0.171273505099813,12.2611996616468,1.95143053438776,0.0139673769566328,0
XR,3.43589743589744,GFM-MWT+AD,1293.39459412041,2194.17880353918,1293.39459412041,-0.161883424897087,12.2650253494236,1.95203941150817,0.0131976348552999,0
XR,3.92307692307692,GFM-MWT+AD,1295.71600330167,2193.14530276118,1295.71600330167,-0.15496524658664,12.2682094162065,1.95254617147579,0.0126304402042143,0
XR,4.41025641025641,GFM-MWT+AD,1297.37654646028,2192.42841972474,1297.37654646028,-0.149668930921055,12.2708634543359,1.95296857476325,0.0121961913809469,0
XR,4.8974358974359,GFM-MWT+AD,1298.61082020002,2191.91186525581,1298.61082020002,-0.145490177657868,12.2730932773173,1.95332346211295,0.0118535688445078,0
XR,5.38461538461539,GFM-MWT+AD,1299.55705446758,2191.52795779314,1299.55705446758,-0.142112321662873,12.2749850326495,1.9536245443252,0.0115766168477734,0
XR,5.87179487179487,GFM-MWT+AD,1300.30112574205,2191.23522670376,1300.30112574205,-0.139327112284112,12.2766059041423,1.95388251403539,0.0113482620194681,0
XR,6.35897435897436,GFM-MWT+AD,1300.89876367742,2191.00715430998,1300.89876367742,-0.136992263959471,12.2780077522459,1.95410562509055,0.0111568375261397,0
XR,6.84615384615385,GFM-MWT+AD,1301.38747913824,2190.82616450717,1301.38747913824,-0.135007398335854,12.2792307054897,1.95430026414447,0.0109941121004432,0
XR,7.33333333333333,GFM-MWT+AD,1301.79331514867,2190.68024558531,1301.79331514867,-0.133299748388931,12.2803060464724,1.95447140997738,0.0108541184157635,0
XR,7.82051282051282,GFM-MWT+AD,1302.13484089359,2190.56096901832,1302.13484089359,-0.13181531931122,12.2812583908951,1.95462298029977,0.0107324284956929,0
XR,8.30769230769231,GFM-MWT+AD,1302.42560623386,2190.46228303682,1302.42560623386,-0.130513224037134,12.2821073083304,1.95475808970587,0.0106256892842046,0
XR,8.7948717948718,GFM-MWT+AD,1302.67570071161,2190.37975376677,1302.67570071161,-0.12936194858528,12.2828685116386,1.95487923897507,0.0105313164091801,0
XR,9.28205128205128,GFM-MWT+AD,1302.8927727617,2190.31007410395,1302.8927727617,-0.128336820215055,12.2835547398652,1.95498845558943,0.0104472865574676,0
XR,9.76923076923077,GFM-MWT+AD,1303.08271322434,2190.2507377543,1303.08271322434,-0.127418252480525,12.2841764164307,1.95508739848783,0.0103719935517569,0
XR,10.2564102564103,GFM-MWT+AD,1303.2501242313,2190.19981798501,1303.2501242313,-0.126590503127565,12.2847421411245,1.95517743636928,0.0103041464846513,0
XR,10.7435897435897,GFM-MWT+AD,1303.39864743967,2190.1558143974,1303.39864743967,-0.125840774428426,12.2852590743195,1.95525970884251,0.0102426959284129,0
XR,11.2307692307692,GFM-MWT+AD,1303.53119803174,2190.11754486702,1303.53119803174,-0.125158562423552,12.2857332094619,1.95533516979412,0.0101867805720774,0
XR,11.7179487179487,GFM-MWT+AD,1303.65013431553,2190.08406807555,1303.65013431553,-0.124535161513344,12.2861696100741,1.95540462510872,0.0101356865824933,0
XR,12.2051282051282,GFM-MWT+AD,1303.75738249799,2190.0546271366,1303.75738249799,-0.123963298019891,12.2865725774713,1.95546875936189,0.0100888175545083,0
XR,12.6923076923077,GFM-MWT+AD,1303.85452974953,2190.02860800827,1303.85452974953,-0.123436848950917,12.2869457851963,1.95552815721612,0.0100456714471637,0
XR,13.1794871794872,GFM-MWT+AD,1303.94289448854,2190.00550842597,1303.94289448854,-0.122950620363694,12.2872923958109,1.95558332200876,0.0100058224023197,0
XR,13.6666666666667,GFM-MWT+AD,1304.02358008491,2189.98491442604,1304.02358008491,-0.122500181152132,12.2876151393478,1.95563468823802,0.00996890711763948,0
XR,14.1538461538462,GFM-MWT+AD,1304.09751632351,2189.96648241456,1304.09751632351,-0.12208172856083,12.2879163827275,1.95568263261097,0.00993461381792526,0
XR,14.6410256410256,GFM-MWT+AD,1304.16549174156,2189.94992533569,1304.16549174156,-0.121691976906585,12.2881981976876,1.95572748485491,0.00990267312314247,0
XR,15.1282051282051,GFM-MWT+AD,1304.22817907864,2189.93500190446,1304.22817907864,-0.121328074168449,12.28846239966,1.95576953390478,0.00987285121289286,0
XR,15.6153846153846,GFM-MWT+AD,1304.28615547077,2189.92150815229,1304.28615547077,-0.120987536494181,12.2887105801742,1.9558090330604,0.00984494445771544,0
XR,16.1025641025641,GFM-MWT+AD,1304.33991861469,2189.90927073633,1304.33991861469,-0.120668186722325,12.2889441486367,1.95584620663576,0.00981877437259857,0
XR,16.5897435897436,GFM-MWT+AD,1304.38989978828,2189.8981416041,1304.38989978828,-0.120368109462123,12.2891643536614,1.95588125335393,0.00979418393650378,0
XR,17.0769230769231,GFM-MWT+AD,1304.43647442219,2189.88799370927,1304.43647442219,-0.120085613222769,12.2893723073108,1.95591435020517,0.0097710344848719,0
XR,17.5641025641026,GFM-MWT+AD,1304.47997073325,2189.8787175489,1304.47997073325,-0.1198191986789,12.2895690006776,1.95594565492677,0.0097492031096952,0
XR,18.0512820512821,GFM-MWT+AD,1304.52067682345,2189.87021834714,1304.52067682345,-0.119567532503041,12.2897553211414,1.95597530874957,0.00972858051227871,0
XR,18.5384615384615,GFM-MWT+AD,1304.55884654644,2189.86241375142,1304.55884654644,-0.119329422637815,12.2899320688735,1.95600343902482,0.00970906897464306,0
XR,19.025641025641,GFM-MWT+AD,1304.59470438569,2189.85523193691,1304.59470438569,-0.119103805706684,12.2900999571345,1.95603015927145,0.0096905813319996,0
XR,19.5128205128205,GFM-MWT+AD,1304.62844952718,2189.84861003936,1304.62844952718,-0.118889723427771,12.2902596368305,1.95605557308437,0.00967303903192988,0
XR,20,GFM-MWT+AD,1304.66025928341,2189.84249285317,1304.66025928341,-0.118686314330857,12.2904116926989,1.95607977352746,0.00965637146145532,0
C_dc,0.000375,GFL-WT,1366.49355910758,2195.51424970295,1366.49355910758,-0.621314052137604,12.5513997822843,1.99761731807308,0.0494410363185812,0
C_dc,0.000442307692307692,GFL-WT,1367.81468773159,2194.78935808775,1367.81468773159,-0.621314052137604,12.5513997822843,1.99761731807308,0.0494410363185812,0
C_dc,0.000509615384615385,GFL-WT,1368.79301258789,2194.26207735268,1368.79301258789,-0.621314052137604,12.5513997822843,1.99761731807308,0.0494410363185812,0
C_dc,0.000576923076923077,GFL-WT,1369.54612701097,2193.86138363251,1369.54612701097,-0.621314052137604,12.5513997822843,1.99761731807308,0.0494410363185812,0
C_dc,0.000644230769230769,GFL-WT,1370.14353214332,2193.5466176766,1370.14353214332,-0.621314052137604,12.5513997822843,1.99761731807308,0.0494410363185812,0
C_dc,0.000711538461538462,GFL-WT,1370.62887319024,2193.29283627049,1370.62887319024,-0.621314052137604,12.5513997822843,1.99761731807308,0.0494410363185812,0
C_dc,0.000778846153846154,GFL-WT,1371.0309127287,2193.08389256492,1371.0309127287,-0.621314052137604,12.5513997822843,1.99761731807308,0.0494410363185812,0
C_dc,0.000846153846153846,GFL-WT,1371.36936396471,2192.90887466119,1371.36936396471,-0.621314052137604,12.5513997822843,1.99761731807308,0.0494410363185812,0
C_dc,0.000913461538461539,GFL-WT,1371.65818442819,2192.76014411318,1371.65818442819,-0.621314052137604,12.5513997822843,1.99761731807308,0.0494410363185812,0
C_dc,0.000980769230769231,GFL-WT,1371.90753077565,2192.63219455087,1371.90753077565,-0.621314052137604,12.5513997822843,1.99761731807308,0.0494410363185812,0
C_dc,0.00104807692307692,GFL-WT,1372.12496856847,2192.52095657124,1372.12496856847,-0.621314052137604,12.5513997822843,1.99761731807308,0.0494410363185812,0
C_dc,0.00111538461538462,GFL-WT,1372.31624813533,2192.42335784565,1372.31624813533,-0.621314052137604,12.5513997822843,1.99761731807308,0.0494410363185812,0
C_dc,0.00118269230769231,GFL-WT,1372.48581767107,2192.3370354549,1372.48581767107,-0.621314052137604,12.5513997822843,1.99761731807308,0.0494410363185812,0
C_dc,0.00125,GFL-WT,1372.63717175577,2192.26014235951,1372.63717175577,-0.621314052137604,12.5513997822843,1.99761731807308,0.0494410363185812,0
C_dc,0.00131730769230769,GFL-WT,1372.77309371001,2192.19121393195,1372.77309371001,-0.621314052137604,12.5513997822843,1.99761731807308,0.0494410363185812,0
C_dc,0.00138461538461538,GFL-WT,1372.89582766604,2192.12907387929,1372.89582766604,-0.621314052137604,12.5513997822843,1.99761731807308,0.0494410363185812,0
C_dc,0.00145192307692308,GFL-WT,1373.00720301827,2192.07276663078,1373.00720301827,-0.621314052137604,12.5513997822843,1.99761731807308,0.0494410363185812,0
C_dc,0.00151923076923077,GFL-WT,1373.10872594933,2192.02150789549,1373.10872594933,-0.621314052137604,12.5513997822843,1.99761731807308,0.0494410363185812,0
C_dc,0.00158653846153846,GFL-WT,1373.20164775294,2191.97464793812,1373.20164775294,-0.621314052137604,12.5513997822843,1.99761731807308,0.0494410363185812,0
C_dc,0.00165384615384615,GFL-WT,1373.28701653697,2191.93164391428,1373.28701653697,-0.621314052137604,12.5513997822843,1.99761731807308,0.0494410363185812,0
C_dc,0.00172115384615385,GFL-WT,1373.36571683967,2191.89203875992,1373.36571683967,-0.621314052137604,12.5513997822843,1.99761731807308,0.0494410363185812,0
C_dc,0.00178846153846154,GFL-WT,1373.43850032489,2191.85544489419,1373.43850032489,-0.621314052137604,12.5513997822843,1.99761731807308,0.0494410363185812,0
C_dc,0.00185576923076923,GFL-WT,1373.50600982251,2191.82153149992,1373.50600982251,-0.621314052137604,12.5513997822843,1.99761731807308,0.0494410363185812,0
C_dc,0.00192307692307692,GFL-WT,1373.56879832899,2191.79001450104,1373.56879832899,-0.621314052137627,12.5513997822843,1.99761731807308,0.049441036318583,0
C_dc,0.00199038461538462,GFL-WT,1373.62734416507,2191.76064858933,1373.62734416507,-0.621314052137627,12.5513997822843,1.99761731807308,0.049441036318583,0
C_dc,0.00205769230769231,GFL-WT,1373.68206316731,2191.73322082998,1373.68206316731,-0.621314052137604,12.5513997822843,1.99761731807308,0.0494410363185812,0
C_dc,0.002125,GFL-WT,1373.73331856234,2191.70754549266,1373.73331856234,-0.621314052137604,12.5513997822843,1.99761731807308,0.0494410363185812,0
C_dc,0.00219230769230769,GFL-WT,1373.78142903231,2191.68345984113,1373.78142903231,-0.621314052137604,12.5513997822843,1.99761731807308,0.0494410363185812,0
C_dc,0.00225961538461539,GFL-WT,1373.82667533652,2191.66082068271,1373.82667533652,-0.621314052137604,12.5513997822843,1.99761731807308,0.0494410363185812,0
C_dc,0.00232692307692308,GFL-WT,1373.86930578973,2191.63950151931,1373.86930578973,-0.621314052137604,12.5513997822843,1.99761731807308,0.0494410363185812,0
C_dc,0.00239423076923077,GFL-WT,1373.90954081392,2191.6193901843,1373.90954081392,-0.621314052137604,12.5513997822843,1.99761731807308,0.0494410363185812,0
C_dc,0.00246153846153846,GFL-WT,1373.94757675031,2191.60038686843,1373.94757675031,-0.621314052137629,12.5513997822843,1.99761731807308,0.0494410363185831,0
C_dc,0.00252884615384615,GFL-WT,1373.98358905565,2191.58240246413,1373.98358905565,-0.621314052137629,12.5513997822843,1.99761731807308,0.0494410363185831,0
C_dc,0.00259615384615385,GFL-WT,1374.01773500906,2191.56535716852,1374.01773500906,-0.621314052137629,12.5513997822843,1.99761731807308,0.0494410363185831,0
C_dc,0.00266346153846154,GFL-WT,1374.05015600658,2191.54917929983,1374.05015600658,-0.621314052137604,12.5513997822843,1.99761731807308,0.0494410363185812,0
C_dc,0.00273076923076923,GFL-WT,1374.08097951396,2191.53380429035,1374.08097951396,-0.621314052137629,12.5513997822843,1.99761731807308,0.0494410363185831,0
C_dc,0.00279807692307692,GFL-WT,1374.11032074357,2191.51917382499,1374.11032074357,-0.621314052137604,12.5513997822843,1.99761731807308,0.0494410363185812,0
C_dc,0.00286538461538462,GFL-WT,1374.13828409013,2191.50523510249,1374.13828409013,-0.621314052137629,12.5513997822843,1.99761731807308,0.0494410363185831,0
C_dc,0.00293269230769231,GFL-WT,1374.1649643716,2191.49194019868,1374.1649643716,-0.621314052137629,12.5513997822843,1.99761731807308,0.0494410363185831,0
C_dc,0.003,GFL-WT,1374.19044790279,2191.47924551626,1374.19044790279,-0.621314052137604,12.5513997822843,1.99761731807308,0.0494410363185812,0
C_dc,0.000375,GFM-GWT,1298.83049094475,2191.82170574992,1298.83049094475,-0.621314052137645,12.5513997822843,1.99761731807308,0.0494410363185845,0
C_dc,0.000442307692307692,GFM-GWT,1298.83049094681,2191.82170575015,1298.83049094681,-0.621314052137627,12.5513997822843,1.99761731807308,0.049441036318583,0
C_dc,0.000509615384615385,GFM-GWT,1298.83049094877,2191.82170575028,1298.83049094877,-0.621314052137611,12.5513997822843,1.99761731807308,0.0494410363185818,0
C_dc,0.000576923076923077,GFM-GWT,1298.83049095002,2191.82170575038,1298.83049095002,-0.621314052137484,12.5513997822842,1.99761731807307,0.0494410363185719,0
C_dc,0.000644230769230769,GFM-GWT,1298.83049095121,2191.82170575048,1298.83049095121,-0.621314052137573,12.5513997822843,1.99761731807308,0.0494410363185788,0
C_dc,0.000711538461538462,GFM-GWT,1298.83049095194,2191.82170575052,1298.83049095194,-0.621314052137643,12.5513997822843,1.99761731807308,0.0494410363185843,0
C_dc,0.000778846153846154,GFM-GWT,1298.83049095286,2191.82170575056,1298.83049095286,-0.621314052137611,12.5513997822843,1.99761731807308,0.0494410363185817,0
C_dc,0.000846153846153846,GFM-GWT,1298.83049095324,2191.82170575065,1298.83049095324,-0.621314052137588,12.5513997822843,1.99761731807308,0.0494410363185799,0
C_dc,0.000913461538461539,GFM-GWT,1298.83049095403,2191.82170575069,1298.83049095403,-0.621314052137631,12.5513997822843,1.99761731807308,0.0494410363185834,0
C_dc,0.000980769230769231,GFM-GWT,1298.83049095441,2191.82170575074,1298.83049095441,-0.621314052137635,12.5513997822843,1.99761731807308,0.0494410363185838,0
C_dc,0.00104807692307692,GFM-GWT,1298.83049095459,2191.82170575076,1298.83049095459,-0.621314052137621,12.5513997822843,1.99761731807308,0.0494410363185825,0
C_dc,0.00111538461538462,GFM-GWT,1298.83049095497,2191.82170575079,1298.83049095497,-0.621314052137517,12.5513997822843,1.99761731807309,0.0494410363185742,0
C_dc,0.00118269230769231,GFM-GWT,1298.83049095534,2191.8217057508,1298.83049095534,-0.621314052137601,12.5513997822843,1.99761731807308,0.049441036318581,0
C_dc,0.00125,GFM-GWT,1298.8304909557,2191.82170575083,1298.8304909557,-0.621314052137574,12.5513997822843,1.99761731807308,0.0494410363185788,0
C_dc,0.00131730769230769,GFM-GWT,1298.83049095603,2191.82170575082,1298.83049095603,-0.621314052137617,12.5513997822843,1.99761731807308,0.0494410363185822,0
C_dc,0.00138461538461538,GFM-GWT,1298.83049095625,2191.82170575089,1298.83049095625,-0.621314052137623,12.5513997822843,1.99761731807308,0.0494410363185827,0
C_dc,0.00145192307692308,GFM-GWT,1298.8304909563,2191.82170575087,1298.8304909563,-0.6213140521377,12.5513997822843,1.99761731807309,0.0494410363185888,0
C_dc,0.00151923076923077,GFM-GWT,1298.83049095658,2191.82170575088,1298.83049095658,-0.621314052137622,12.5513997822843,1.99761731807308,0.0494410363185827,0
C_dc,0.00158653846153846,GFM-GWT,1298.83049095656,2191.8217057509,1298.83049095656,-0.621314052137618,12.5513997822843,1.99761731807308,0.0494410363185824,0
C_dc,0.00165384615384615,GFM-GWT,1298.83049095705,2191.82170575091,1298.83049095705,-0.621314052137789,12.5513997822842,1.99761731807307,0.0494410363185961,0
C_dc,0.00172115384615385,GFM-GWT,1298.83049095709,2191.82170575092,1298.83049095709,-0.62131405213763,12.5513997822843,1.99761731807309,0.0494410363185832,0
C_dc,0.00178846153846154,GFM-GWT,1298.83049095699,2191.82170575096,1298.83049095699,-0.621314052137629,12.5513997822843,1.99761731807308,0.0494410363185832,0
C_dc,0.00185576923076923,GFM-GWT,1298.83049095701,2191.82170575096,1298.83049095701,-0.621314052137627,12.5513997822843,1.99761731807308,0.0494410363185831,0
C_dc,0.00192307692307692,GFM-GWT,1298.83049095732,2191.82170575097,1298.83049095732,-0.62131405213761,12.5513997822843,1.99761731807308,0.0494410363185817,0
C_dc,0.00199038461538462,GFM-GWT,1298.83049095769,2191.82170575101,1298.83049095769,-0.621314052137657,12.5513997822843,1.99761731807308,0.0494410363185855,0
C_dc,0.00205769230769231,GFM-GWT,1298.83049095767,2191.82170575101,1298.83049095767,-0.621314052137595,12.5513997822843,1.99761731807309,0.0494410363185805,0
C_dc,0.002125,GFM-GWT,1298.8304909578,2191.821705751,1298.8304909578,-0.621314052137681,12.5513997822843,1.99761731807308,0.0494410363185873,0
C_dc,0.00219230769230769,GFM-GWT,1298.83049095759,2191.82170575098,1298.83049095759,-0.621314052137652,12.5513997822843,1.99761731807309,0.0494410363185849,0
C_dc,0.00225961538461539,GFM-GWT,1298.83049095778,2191.82170575101,1298.83049095778,-0.621314052137622,12.5513997822843,1.99761731807308,0.0494410363185826,0
C_dc,0.00232692307692308,GFM-GWT,1298.83049095787,2191.82170575102,1298.83049095787,-0.621314052137542,12.5513997822842,1.99761731807308,0.0494410363185764,0
C_dc,0.00239423076923077,GFM-GWT,1298.83049095803,2191.82170575103,1298.83049095803,-0.62131405213767,12.5513997822843,1.99761731807308,0.0494410363185865,0
C_dc,0.00246153846153846,GFM-GWT,1298.83049095807,2191.82170575103,1298.83049095807,-0.62131405213762,12.5513997822843,1.99761731807308,0.0494410363185825,0
C_dc,0.00252884615384615,GFM-GWT,1298.83049095815,2191.82170575102,1298.83049095815,-0.621314052137677,12.5513997822843,1.99761731807308,0.049441036318587,0
C_dc,0.00259615384615385,GFM-GWT,1298.83049095822,2191.82170575104,1298.83049095822,-0.621314052137666,12.5513997822842,1.99761731807308,0.0494410363185863,0
C_dc,0.00266346153846154,GFM-GWT,1298.83049095815,2191.82170575103,1298.83049095815,-0.621314052137474,12.5513997822843,1.99761731807309,0.0494410363185708,0
C_dc,0.00273076923076923,GFM-GWT,1298.83049095827,2191.82170575103,1298.83049095827,-0.621314052137628,12.5513997822843,1.99761731807308,0.0494410363185832,0
C_dc,0.00279807692307692,GFM-GWT,1298.83049095851,2191.821705751,1298.83049095851,-0.621314052137631,12.5513997822843,1.99761731807308,0.0494410363185835,0
C_dc,0.00286538461538462,GFM-GWT,1298.83049095853,2191.82170575102,1298.83049095853,-0.621314052137633,12.5513997822843,1.99761731807308,0.0494410363185836,0
C_dc,0.00293269230769231,GFM-GWT,1298.8304909585,2191.82170575105,1298.8304909585,-0.621314052137677,12.5513997822843,1.99761731807309,0.0494410363185869,0
C_dc,0.003,GFM-GWT,1298.83049095846,2191.82170575106,1298.83049095846,-0.621314052137625,12.5513997822843,1.99761731807308,0.0494410363185829,0
C_dc,0.000375,GFM-MWT,1298.83049096061,2191.82170575122,1298.83049096061,0.170786995695113,12.5734233546152,2.00112247847408,-0.0135819209880348,0
C_dc,0.000442307692307692,GFM-MWT,1298.83049096063,2191.82170575117,1298.83049096063,0.170903307840278,12.5734085883897,2.00112012835632,-0.0135911850198719,0
C_dc,0.000509615384615385,GFM-MWT,1298.83049096049,2191.82170575126,1298.83049096049,0.171019706642588,12.5733937930592,2.00111777360633,-0.0136004559916375,0
C_dc,0.000576923076923077,GFM-MWT,1298.83049096046,2191.82170575118,1298.83049096046,0.171136191881268,12.5733789684136,2.00111541419069,-0.0136097338860837,0
C_dc,0.000644230769230769,GFM-MWT,1298.8304909604,2191.8217057512,1298.8304909604,0.171252763801403,12.5733641144344,2.00111305010649,-0.0136190187227962,0
C_dc,0.000711538461538462,GFM-MWT,1298.8304909605,2191.82170575119,1298.8304909605,0.171369422506158,12.5733492311045,2.00111068135097,-0.013628310510076,0
C_dc,0.000778846153846154,GFM-MWT,1298.83049096038,2191.82170575121,1298.83049096038,0.171486167611378,12.5733343181653,2.00110830788298,-0.0136376092177383,0
C_dc,0.000846153846153846,GFM-MWT,1298.83049096039,2191.82170575119,1298.83049096039,0.171602999599833,12.5733193757163,2.00110592971836,-0.0136469148841406,0
C_dc,0.000913461538461539,GFM-MWT,1298.83049096062,2191.82170575119,1298.83049096062,0.171719918859552,12.5733044038087,2.00110354686525,-0.0136562275401602,0
C_dc,0.000980769230769231,GFM-MWT,1298.83049096039,2191.82170575123,1298.83049096039,0.171836925043274,12.5732894022344,2.00110115929054,-0.0136655471584919,0
C_dc,0.00104807692307692,GFM-MWT,1298.83049096036,2191.82170575124,1298.83049096036,0.171954018239682,12.5732743708998,2.00109876697934,-0.0136748737463694,0
C_dc,0.00111538461538462,GFM-MWT,1298.83049096059,2191.82170575122,1298.83049096059,0.172071198738362,12.5732593098391,2.00109636993708,-0.0136842073268615,0
C_dc,0.00118269230769231,GFM-MWT,1298.83049096029,2191.82170575122,1298.83049096029,0.17218846658633,12.5732442189805,2.00109396815234,-0.0136935479038657,0
C_dc,0.00125,GFM-MWT,1298.83049096019,2191.82170575125,1298.83049096019,0.172305821798194,12.5732290982268,2.00109156160966,-0.0137028954787306,0
C_dc,0.00131730769230769,GFM-MWT,1298.83049096055,2191.82170575123,1298.83049096055,0.172423264422477,12.5732139475179,2.00108915029944,-0.0137122500554612,0
C_dc,0.00138461538461538,GFM-MWT,1298.83049096046,2191.82170575123,1298.83049096046,0.172540794661629,12.5731987668122,2.00108673421509,-0.0137216116502817,0
C_dc,0.00145192307692308,GFM-MWT,1298.8304909604,2191.82170575121,1298.8304909604,0.172658412754706,12.5731835561298,2.00108431335979,-0.0137309802822599,0
C_dc,0.00151923076923077,GFM-MWT,1298.83049096023,2191.82170575122,1298.83049096023,0.172776118305852,12.5731683152161,2.00108188769304,-0.0137403559202805,0
C_dc,0.00158653846153846,GFM-MWT,1298.83049096043,2191.8217057512,1298.83049096043,0.172893912051504,12.5731530442575,2.0010794572445,-0.013749738622778,0
C_dc,0.00165384615384615,GFM-MWT,1298.83049096028,2191.8217057512,1298.83049096028,0.173011793647702,12.5731377430096,2.00107702197525,-0.013759128362753,0
C_dc,0.00172115384615385,GFM-MWT,1298.83049096061,2191.82170575123,1298.83049096061,0.173129763046545,12.5731224113739,2.00107458186964,-0.0137685251365876,0
C_dc,0.00178846153846154,GFM-MWT,1298.83049096044,2191.82170575121,1298.83049096044,0.17324782089998,12.5731070495183,2.00107213695439,-0.0137779289960187,0
C_dc,0.00185576923076923,GFM-MWT,1298.8304909605,2191.82170575123,1298.8304909605,0.173365966822772,12.5730916571919,2.00106968718956,-0.0137873399107736,0
C_dc,0.00192307692307692,GFM-MWT,1298.83049096049,2191.82170575122,1298.83049096049,0.17348420098203,12.5730762343567,2.0010672325691,-0.0137967578942648,0
C_dc,0.00199038461538462,GFM-MWT,1298.83049096043,2191.82170575121,1298.83049096043,0.173602523805844,12.5730607810724,2.00106477310251,-0.0138061829805491,0
C_dc,0.00205769230769231,GFM-MWT,1298.83049096044,2191.82170575123,1298.83049096044,0.173720934941515,12.5730452971033,2.0010623087523,-0.0138156151419251,0
C_dc,0.002125,GFM-MWT,1298.8304909604,2191.82170575118,1298.8304909604,0.173839434714497,12.5730297825121,2.00105983952841,-0.0138250544042861,0
C_dc,0.00219230769230769,GFM-MWT,1298.83049096061,2191.82170575122,1298.83049096061,0.173958023096354,12.5730142371632,2.0010573654093,-0.0138345007656047,0
C_dc,0.00225961538461539,GFM-MWT,1298.83049096054,2191.82170575123,1298.83049096054,0.174076700474289,12.5729986611143,2.00105488640412,-0.0138439542566896,0
C_dc,0.00232692307692308,GFM-MWT,1298.83049096034,2191.82170575121,1298.83049096034,0.174195466546625,12.572983054171,2.00105240248195,-0.0138534148538527,0
C_dc,0.00239423076923077,GFM-MWT,1298.83049096049,2191.82170575122,1298.83049096049,0.17431432147384,12.5729674162671,2.00104991363225,-0.0138628825700123,0
C_dc,0.00246153846153846,GFM-MWT,1298.83049096041,2191.82170575123,1298.83049096041,0.174433265734481,12.5729517474861,2.0010474198683,-0.0138723574432125,0
C_dc,0.00252884615384615,GFM-MWT,1298.83049096033,2191.82170575125,1298.83049096033,0.174552299016905,12.5729360476389,2.00104492116001,-0.0138818394489678,0
C_dc,0.00259615384615385,GFM-MWT,1298.83049096024,2191.82170575117,1298.83049096024,0.174671421627663,12.572920316727,2.00104241750762,-0.0138913286117377,0
C_dc,0.00266346153846154,GFM-MWT,1298.83049096049,2191.82170575121,1298.83049096049,0.174790633529851,12.5729045546517,2.00103990889543,-0.0139008249287828,0
C_dc,0.00273076923076923,GFM-MWT,1298.83049096044,2191.82170575119,1298.83049096044,0.174909934743338,12.5728887613232,2.00103739530912,-0.0139103284018689,0
C_dc,0.00279807692307692,GFM-MWT,1298.8304909605,2191.82170575119,1298.8304909605,0.175029325636278,12.5728729367564,2.0010348767511,-0.0139198390603392,0
C_dc,0.00286538461538462,GFM-MWT,1298.83049096045,2191.82170575118,1298.83049096045,0.175148806030004,12.5728570808202,2.00103235320048,-0.0139293568902196,0
C_dc,0.00293269230769231,GFM-MWT,1298.8304909603,2191.82170575123,1298.8304909603,0.175268376234212,12.5728411935061,2.0010298246559,-0.0139388819162317,0
C_dc,0.003,GFM-MWT,1298.8304909605,2191.82170575121,1298.8304909605,0.175388036079736,12.5728252746658,2.00102729109378,-0.0139484141251762,0
C_dc,0.000375,GFM-MWT+AD,1298.83049096061,2191.82170575123,1298.83049096061,-0.144701719927341,12.2756135699376,1.95372457914151,0.0117869194026499,0
C_dc,0.000442307692307692,GFM-MWT+AD,1298.83049096065,2191.82170575121,1298.83049096065,-0.144702901759922,12.2754889302003,1.95370474211122,0.0117871353207885,0
C_dc,0.000509615384615385,GFM-MWT+AD,1298.83049096056,2191.82170575124,1298.83049096056,-0.144704077884992,12.2753641908749,1.95368488923098,0.0117873508740661,0
C_dc,0.000576923076923077,GFM-MWT+AD,1298.83049096046,2191.82170575118,1298.83049096046,-0.144705248532332,12.2752393515644,1.95366502043763,0.0117875660815733,0
C_dc,0.000644230769230769,GFM-MWT+AD,1298.83049096051,2191.82170575119,1298.83049096051,-0.144706413773431,12.2751144122924,1.9536451357349,0.0117877809491047,0
C_dc,0.000711538461538462,GFM-MWT+AD,1298.83049096053,2191.82170575116,1298.83049096053,-0.144707573458546,12.2749893727407,1.95362523507217,0.0117879954647643,0
C_dc,0.000778846153846154,GFM-MWT+AD,1298.83049096057,2191.8217057512,1298.83049096057,-0.144708727823662,12.2748642324094,1.95360531836986,0.0117882096482477,0
C_dc,0.000846153846153846,GFM-MWT+AD,1298.83049096041,2191.82170575117,1298.83049096041,-0.144709876482206,12.2747389921176,1.95358538575834,0.0117884234672766,0
C_dc,0.000913461538461539,GFM-MWT+AD,1298.83049096066,2191.82170575119,1298.83049096066,-0.14471101948433,12.2746136514361,1.95356543716931,0.0117886369263422,0
C_dc,0.000980769230769231,GFM-MWT+AD,1298.83049096037,2191.82170575121,1298.83049096037,-0.144712157323437,12.2744882089347,1.95354547237515,0.0117888500670012,0
C_dc,0.00104807692307692,GFM-MWT+AD,1298.83049096035,2191.82170575125,1298.83049096035,-0.144713289347701,12.2743626663939,1.95352549165921,0.0117890628344459,0
C_dc,0.00111538461538462,GFM-MWT+AD,1298.83049096058,2191.82170575123,1298.83049096058,-0.144714415715115,12.2742370231107,1.95350549490962,0.0117892752422141,0
C_dc,0.00118269230769231,GFM-MWT+AD,1298.83049096032,2191.82170575121,1298.83049096032,-0.144715536217279,12.2741112793933,1.95348548217543,0.0117894872730289,0
C_dc,0.00125,GFM-MWT+AD,1298.83049096033,2191.82170575123,1298.83049096033,-0.144716651492331,12.2739854336003,1.9534654531954,0.0117896989804407,0
C_dc,0.00131730769230769,GFM-MWT+AD,1298.83049096056,2191.82170575124,1298.83049096056,-0.144717761192502,12.2738594863599,1.95344540806953,0.011789910335513,0
C_dc,0.00138461538461538,GFM-MWT+AD,1298.83049096055,2191.8217057512,1298.83049096055,-0.144718864957448,12.2737334385477,1.95342534693715,0.0117901213080466,0
C_dc,0.00145192307692308,GFM-MWT+AD,1298.83049096042,2191.82170575122,1298.83049096042,-0.144719963088144,12.2736072889635,1.95340526960726,0.0117903319237046,0
C_dc,0.00151923076923077,GFM-MWT+AD,1298.83049096013,2191.82170575122,1298.83049096013,-0.144721055371378,12.2734810381712,1.9533851761696,0.0117905421645716,0
C_dc,0.00158653846153846,GFM-MWT+AD,1298.83049096029,2191.8217057512,1298.83049096029,-0.144722142131182,12.27335468525,1.9533650664776,0.0117907520579213,0
C_dc,0.00165384615384615,GFM-MWT+AD,1298.83049096027,2191.82170575119,1298.83049096027,-0.144723223196833,12.2732282306143,1.95334494059726,0.011790961589443,0
C_dc,0.00172115384615385,GFM-MWT+AD,1298.8304909605,2191.82170575122,1298.8304909605,-0.144724298547193,12.2731016740638,1.95332479849667,0.011791170757601,0
C_dc,0.00178846153846154,GFM-MWT+AD,1298.83049096049,2191.8217057512,1298.83049096049,-0.144725367628446,12.2729750163493,1.95330464029533,0.0117913795165529,0
C_dc,0.00185576923076923,GFM-MWT+AD,1298.83049096051,2191.82170575122,1298.83049096051,-0.14472643162809,12.2728482551327,1.95328446562111,0.0117915879652751,0
C_dc,0.00192307692307692,GFM-MWT+AD,1298.83049096045,2191.82170575121,1298.83049096045,-0.144727489442739,12.272721392317,1.9532642747769,0.0117917960120483,0
C_dc,0.00199038461538462,GFM-MWT+AD,1298.83049096055,2191.82170575118,1298.83049096055,-0.144728541539144,12.2725944270172,1.95324406762184,0.0117920036957394,0
C_dc,0.00205769230769231,GFM-MWT+AD,1298.83049096049,2191.82170575124,1298.83049096049,-0.144729587972302,12.2724673591074,1.95322384413589,0.0117922110209438,0
C_dc,0.002125,GFM-MWT+AD,1298.83049096037,2191.82170575121,1298.83049096037,-0.144730627871863,12.2723401898161,1.95320360451456,0.0117924179155704,0
C_dc,0.00219230769230769,GFM-MWT+AD,1298.83049096058,2191.82170575123,1298.83049096058,-0.144731662475115,12.2722129166007,1.9531833483532,0.0117926244828531,0
C_dc,0.00225961538461539,GFM-MWT+AD,1298.83049096054,2191.82170575124,1298.83049096054,-0.144732690975613,12.2720855411808,1.9531630759255,0.0117928306554347,0
C_dc,0.00232692307692308,GFM-MWT+AD,1298.8304909604,2191.82170575121,1298.8304909604,-0.144733713579073,12.2719580623867,1.95314278704528,0.0117930364511916,0
C_dc,0.00239423076923077,GFM-MWT+AD,1298.83049096055,2191.82170575121,1298.83049096055,-0.144734730210148,12.2718304810308,1.95312248184184,0.011793241863198,0
C_dc,0.00246153846153846,GFM-MWT+AD,1298.8304909605,2191.82170575123,1298.8304909605,-0.144735741263803,12.2717027958042,1.95310216010688,0.0117934469248831,0
C_dc,0.00252884615384615,GFM-MWT+AD,1298.8304909604,2191.82170575124,1298.8304909604,-0.144736746356539,12.2715750072164,1.95308182192144,0.0117936516045073,0
C_dc,0.00259615384615385,GFM-MWT+AD,1298.83049096031,2191.82170575117,1298.83049096031,-0.144737744965309,12.2714471164013,1.95306146746605,0.0117938558583599,0
C_dc,0.00266346153846154,GFM-MWT+AD,1298.83049096066,2191.82170575117,1298.83049096066,-0.144738737712218,12.271319121694,1.95304109647569,0.0117940597387179,0
C_dc,0.00273076923076923,GFM-MWT+AD,1298.83049096045,2191.82170575118,1298.83049096045,-0.1447397245175,12.2711910230547,1.95302070894404,0.0117942632391141,0
C_dc,0.00279807692307692,GFM-MWT+AD,1298.83049096031,2191.8217057512,1298.83049096031,-0.144740705537466,12.2710628205163,1.95300030487635,0.0117944663722457,0
C_dc,0.00286538461538462,GFM-MWT+AD,1298.83049096036,2191.82170575119,1298.83049096036,-0.144741680198566,12.2709345144705,1.95297988433493,0.0117946690909993,0
C_dc,0.00293269230769231,GFM-MWT+AD,1298.83049096028,2191.82170575125,1298.83049096028,-0.144742649095364,12.2708061041024,1.95295944719011,0.0117948714445934,0
C_dc,0.003,GFM-MWT+AD,1298.83049096058,2191.82170575119,1298.83049096058,-0.144743611759637,12.2706775898136,1.95293899350577,0.011795073394486,0
