Sweep,Value,Model,MaxReal,DominantFrequencyHz,DominantSigma,Sigma,Omega,FrequencyHz,DampingRatio,Stable,Converged,Message
SCR,1.25,GFL-WT,NaN,NaN,NaN,NaN,NaN,NaN,NaN,0,0,Power flow failed for the requested comparison case.
SCR,1.34980103398349,GFL-WT,NaN,NaN,NaN,NaN,NaN,NaN,NaN,0,0,Power flow failed for the requested comparison case.
SCR,1.45757026507431,GFL-WT,NaN,NaN,NaN,NaN,NaN,NaN,NaN,0,0,Power flow failed for the requested comparison case.
SCR,1.57394388072072,GFL-WT,NaN,NaN,NaN,NaN,NaN,NaN,NaN,0,0,Power flow failed for the requested comparison case.
SCR,1.69960886210304,GFL-WT,NaN,NaN,NaN,NaN,NaN,NaN,NaN,0,0,Power flow failed for the requested comparison case.
SCR,1.83530703954735,GFL-WT,NaN,NaN,NaN,NaN,NaN,NaN,NaN,0,0,Power flow failed for the requested comparison case.
SCR,1.98183947172655,GFL-WT,NaN,NaN,NaN,NaN,NaN,NaN,NaN,0,0,Power flow failed for the requested comparison case.
SCR,2.14007117450063,GFL-WT,NaN,NaN,NaN,NaN,NaN,NaN,NaN,0,0,Power flow failed for the requested comparison case.
SCR,2.31093622731136,GFL-WT,NaN,NaN,NaN,NaN,NaN,NaN,NaN,0,0,Power flow failed for the requested comparison case.
SCR,2.49544328727582,GFL-WT,NaN,NaN,NaN,NaN,NaN,NaN,NaN,0,0,Power flow failed for the requested comparison case.
SCR,2.69468154352965,GFL-WT,NaN,NaN,NaN,NaN,NaN,NaN,NaN,0,0,Power flow failed for the requested comparison case.
SCR,2.90982714697003,GFL-WT,NaN,NaN,NaN,NaN,NaN,NaN,NaN,0,0,Power flow failed for the requested comparison case.
SCR,3.1421501533547,GFL-WT,NaN,NaN,NaN,NaN,NaN,NaN,NaN,0,0,Power flow failed for the requested comparison case.
SCR,3.39302202074363,GFL-WT,NaN,NaN,NaN,NaN,NaN,NaN,NaN,0,0,Power flow failed for the requested comparison case.
SCR,3.6639237055428,GFL-WT,NaN,NaN,NaN,NaN,NaN,NaN,NaN,0,0,Power flow failed for the requested comparison case.
SCR,3.95645440494263,GFL-WT,NaN,NaN,NaN,NaN,NaN,NaN,NaN,0,0,Power flow failed for the requested comparison case.
SCR,4.27234099736006,GFL-WT,1781.63379533767,2250.37877497482,1781.63379533767,-0.621221219732053,12.5504772770227,1.99747049680068,0.049437291909752,0,1,
SCR,4.61344823661333,GFL-WT,1781.16410563484,2253.82157841992,1781.16410563484,-0.621221219732054,12.5504772770227,1.99747049680068,0.049437291909752,0,1,
SCR,4.98178976000797,GFL-WT,1780.93134132732,2257.13108515759,1780.93134132732,-0.621221219732053,12.5504772770227,1.99747049680068,0.049437291909752,0,1,
SCR,5.37953997531769,GFL-WT,1780.77631076691,2260.33071528361,1780.77631076691,-0.621221219732053,12.5504772770227,1.99747049680068,0.049437291909752,0,1,
SCR,5.80904689683146,GFL-WT,1780.64708187089,2263.42627477676,1780.64708187089,-0.621221219732053,12.5504772770227,1.99747049680068,0.049437291909752,0,1,
SCR,6.27284600624134,GFL-WT,1780.52154561687,2266.41867064854,1780.52154561687,-0.621221219732053,12.5504772770227,1.99747049680068,0.049437291909752,0,1,
SCR,6.773675220195,GFL-WT,1780.38944550756,2269.30715025762,1780.38944550756,-0.621221219732053,12.5504772770227,1.99747049680068,0.049437291909752,0,1,
SCR,7.31449105287003,GFL-WT,1780.24616895396,2272.09049816754,1780.24616895396,-0.621221219732053,12.5504772770227,1.99747049680068,0.049437291909752,0,1,
SCR,7.89848606898155,GFL-WT,1780.09008572768,2274.76756499216,1780.09008572768,-0.621221219732053,12.5504772770227,1.99747049680068,0.049437291909752,0,1,
SCR,8.52910773025237,GFL-WT,1779.92123369986,2277.33752058996,1779.92123369986,-0.621221219732053,12.5504772770227,1.99747049680068,0.049437291909752,0,1,
SCR,9.21007874660097,GFL-WT,1779.74060145599,2279.79997450282,1779.74060145599,-0.621221219732053,12.5504772770227,1.99747049680068,0.049437291909752,0,1,
SCR,9.94541905218506,GFL-WT,1779.54970710191,2282.15502512234,1779.54970710191,-0.621221219732053,12.5504772770227,1.99747049680068,0.049437291909752,0,1,
SCR,10.7394695360308,GFL-WT,1779.35033782966,2284.40326763536,1779.35033782966,-0.621221219732053,12.5504772770227,1.99747049680068,0.049437291909752,0,1,
SCR,11.5969176673348,GFL-WT,1779.14438332689,2286.54577704436,1779.14438332689,-0.621221219732053,12.5504772770227,1.99747049680068,0.049437291909752,0,1,
SCR,12.5228251667119,GFL-WT,1778.93372740423,2288.58407590424,1778.93372740423,-0.621221219732053,12.5504772770227,1.99747049680068,0.049437291909752,0,1,
SCR,13.5226578867378,GFL-WT,1778.72017752972,2290.52009289118,1778.72017752972,-0.621221219732053,12.5504772770227,1.99747049680068,0.049437291909752,0,1,
SCR,14.6023180781789,GFL-WT,1778.50542002013,2292.35611630253,1778.50542002013,-0.621221219732053,12.5504772770227,1.99747049680068,0.049437291909752,0,1,
SCR,15.7681792323853,GFL-WT,1778.29099309816,2294.09474533281,1778.29099309816,-0.621221219732053,12.5504772770227,1.99747049680068,0.049437291909752,0,1,
SCR,17.0271237055285,GFL-WT,1778.07827258885,2295.73884114965,1778.07827258885,-0.621221219732053,12.5504772770227,1.99747049680068,0.049437291909752,0,1,
SCR,18.3865833467897,GFL-WT,1777.86846665669,2297.29147920951,1777.86846665669,-0.621221219732053,12.5504772770227,1.99747049680068,0.049437291909752,0,1,
SCR,19.8545833703362,GFL-WT,1777.66261696882,2298.75590383204,1777.66261696882,-0.621221219732053,12.5504772770227,1.99747049680068,0.049437291909752,0,1,
SCR,21.439789730073,GFL-WT,1777.46160409711,2300.1354856379,1777.46160409711,-0.621221219732053,12.5504772770227,1.99747049680068,0.049437291909752,0,1,
SCR,23.1515602768328,GFL-WT,1777.2661574935,2301.43368283372,1777.2661574935,-0.621221219732053,12.5504772770227,1.99747049680068,0.049437291909752,0,1,
SCR,25,GFL-WT,1777.07686437401,2302.65400522116,1777.07686437401,-0.621221219732053,12.5504772770227,1.99747049680068,0.049437291909752,0,1,
SCR,1.25,GFM-GWT,NaN,NaN,NaN,NaN,NaN,NaN,NaN,0,0,Power flow failed for the requested comparison case.
SCR,1.34980103398349,GFM-GWT,NaN,NaN,NaN,NaN,NaN,NaN,NaN,0,0,Power flow failed for the requested comparison case.
SCR,1.45757026507431,GFM-GWT,NaN,NaN,NaN,NaN,NaN,NaN,NaN,0,0,Power flow failed for the requested comparison case.
SCR,1.57394388072072,GFM-GWT,NaN,NaN,NaN,NaN,NaN,NaN,NaN,0,0,Power flow failed for the requested comparison case.
SCR,1.69960886210304,GFM-GWT,NaN,NaN,NaN,NaN,NaN,NaN,NaN,0,0,Power flow failed for the requested comparison case.
SCR,1.83530703954735,GFM-GWT,NaN,NaN,NaN,NaN,NaN,NaN,NaN,0,0,Power flow failed for the requested comparison case.
SCR,1.98183947172655,GFM-GWT,NaN,NaN,NaN,NaN,NaN,NaN,NaN,0,0,Power flow failed for the requested comparison case.
SCR,2.14007117450063,GFM-GWT,NaN,NaN,NaN,NaN,NaN,NaN,NaN,0,0,Power flow failed for the requested comparison case.
SCR,2.31093622731136,GFM-GWT,NaN,NaN,NaN,NaN,NaN,NaN,NaN,0,0,Power flow failed for the requested comparison case.
SCR,2.49544328727582,GFM-GWT,NaN,NaN,NaN,NaN,NaN,NaN,NaN,0,0,Power flow failed for the requested comparison case.
SCR,2.69468154352965,GFM-GWT,NaN,NaN,NaN,NaN,NaN,NaN,NaN,0,0,Power flow failed for the requested comparison case.
SCR,2.90982714697003,GFM-GWT,NaN,NaN,NaN,NaN,NaN,NaN,NaN,0,0,Power flow failed for the requested comparison case.
SCR,3.1421501533547,GFM-GWT,NaN,NaN,NaN,NaN,NaN,NaN,NaN,0,0,Power flow failed for the requested comparison case.
SCR,3.39302202074363,GFM-GWT,NaN,NaN,NaN,NaN,NaN,NaN,NaN,0,0,Power flow failed for the requested comparison case.
SCR,3.6639237055428,GFM-GWT,NaN,NaN,NaN,NaN,NaN,NaN,NaN,0,0,Power flow failed for the requested comparison case.
SCR,3.95645440494263,GFM-GWT,NaN,NaN,NaN,NaN,NaN,NaN,NaN,0,0,Power flow failed for the requested comparison case.
SCR,4.27234099736006,GFM-GWT,-0.140784210044762,0.115970503016243,-0.140784210044762,-0.621221219732058,12.5504772770227,1.99747049680068,0.0494372919097523,1,1,
SCR,4.61344823661333,GFM-GWT,-0.184552987970562,0,-0.184552987970562,-0.621221219732073,12.5504772770227,1.99747049680067,0.0494372919097536,1,1,
SCR,4.98178976000797,GFM-GWT,-0.184552987970588,0,-0.184552987970588,-0.621221219732055,12.5504772770227,1.99747049680068,0.0494372919097522,1,1,
SCR,5.37953997531769,GFM-GWT,-0.184552987970481,0,-0.184552987970481,-0.621221219732043,12.5504772770227,1.99747049680068,0.0494372919097511,1,1,
SCR,5.80904689683146,GFM-GWT,-0.184552987970605,0,-0.184552987970605,-0.621221219732052,12.5504772770227,1.99747049680068,0.0494372919097519,1,1,
SCR,6.27284600624134,GFM-GWT,-0.184552987970638,0,-0.184552987970638,-0.621221219732059,12.5504772770227,1.99747049680067,0.0494372919097525,1,1,
SCR,6.773675220195,GFM-GWT,-0.184552987970545,0,-0.184552987970545,-0.621221219732039,12.5504772770227,1.99747049680068,0.0494372919097509,1,1,
SCR,7.31449105287003,GFM-GWT,-0.184552987970654,0,-0.184552987970654,-0.621221219732055,12.5504772770227,1.99747049680068,0.0494372919097521,1,1,
SCR,7.89848606898155,GFM-GWT,-0.184552987970552,0,-0.184552987970552,-0.621221219732052,12.5504772770227,1.99747049680067,0.0494372919097519,1,1,
SCR,8.52910773025237,GFM-GWT,-0.184552987970589,0,-0.184552987970589,-0.621221219732054,12.5504772770227,1.99747049680067,0.0494372919097521,1,1,
SCR,9.21007874660097,GFM-GWT,-0.184552987970581,0,-0.184552987970581,-0.621221219732051,12.5504772770227,1.99747049680068,0.0494372919097518,1,1,
SCR,9.94541905218506,GFM-GWT,-0.184552987970577,0,-0.184552987970577,-0.62122121973205,12.5504772770227,1.99747049680068,0.0494372919097517,1,1,
SCR,10.7394695360308,GFM-GWT,-0.184552987970563,0,-0.184552987970563,-0.621221219732058,12.5504772770227,1.99747049680068,0.0494372919097524,1,1,
SCR,11.5969176673348,GFM-GWT,-0.18455298797049,0,-0.18455298797049,-0.621221219732053,12.5504772770227,1.99747049680068,0.0494372919097519,1,1,
SCR,12.5228251667119,GFM-GWT,-0.184552987970623,0,-0.184552987970623,-0.621221219732051,12.5504772770227,1.99747049680068,0.0494372919097518,1,1,
SCR,13.5226578867378,GFM-GWT,-0.184552987970578,0,-0.184552987970578,-0.621221219732047,12.5504772770227,1.99747049680068,0.0494372919097515,1,1,
SCR,14.6023180781789,GFM-GWT,-0.18455298797054,0,-0.18455298797054,-0.621221219732042,12.5504772770227,1.99747049680068,0.049437291909751,1,1,
SCR,15.7681792323853,GFM-GWT,-0.184552987970589,0,-0.184552987970589,-0.621221219732064,12.5504772770227,1.99747049680068,0.0494372919097528,1,1,
SCR,17.0271237055285,GFM-GWT,-0.184552987970559,0,-0.184552987970559,-0.621221219732048,12.5504772770227,1.99747049680067,0.0494372919097516,1,1,
SCR,18.3865833467897,GFM-GWT,-0.184552987970543,0,-0.184552987970543,-0.62122121973205,12.5504772770228,1.99747049680068,0.0494372919097516,1,1,
SCR,19.8545833703362,GFM-GWT,-0.18455298797059,0,-0.18455298797059,-0.621221219732057,12.5504772770227,1.99747049680068,0.0494372919097524,1,1,
SCR,21.439789730073,GFM-GWT,-0.184552987970618,0,-0.184552987970618,-0.621221219732051,12.5504772770227,1.99747049680068,0.0494372919097518,1,1,
SCR,23.1515602768328,GFM-GWT,-0.184552987970536,0,-0.184552987970536,-0.621221219732048,12.5504772770227,1.99747049680068,0.0494372919097515,1,1,
SCR,25,GFM-GWT,-0.184552987970599,0,-0.184552987970599,-0.621221219732056,12.5504772770227,1.99747049680068,0.0494372919097521,1,1,
SCR,1.25,GFM-MWT,NaN,NaN,NaN,NaN,NaN,NaN,NaN,0,0,Power flow failed for the requested comparison case.
SCR,1.34980103398349,GFM-MWT,NaN,NaN,NaN,NaN,NaN,NaN,NaN,0,0,Power flow failed for the requested comparison case.
SCR,1.45757026507431,GFM-MWT,NaN,NaN,NaN,NaN,NaN,NaN,NaN,0,0,Power flow failed for the requested comparison case.
SCR,1.57394388072072,GFM-MWT,NaN,NaN,NaN,NaN,NaN,NaN,NaN,0,0,Power flow failed for the requested comparison case.
SCR,1.69960886210304,GFM-MWT,NaN,NaN,NaN,NaN,NaN,NaN,NaN,0,0,Power flow failed for the requested comparison case.
SCR,1.83530703954735,GFM-MWT,NaN,NaN,NaN,NaN,NaN,NaN,NaN,0,0,Power flow failed for the requested comparison case.
SCR,1.98183947172655,GFM-MWT,NaN,NaN,NaN,NaN,NaN,NaN,NaN,0,0,Power flow failed for the requested comparison case.
SCR,2.14007117450063,GFM-MWT,NaN,NaN,NaN,NaN,NaN,NaN,NaN,0,0,Power flow failed for the requested comparison case.
SCR,2.31093622731136,GFM-MWT,NaN,NaN,NaN,NaN,NaN,NaN,NaN,0,0,Power flow failed for the requested comparison case.
SCR,2.49544328727582,GFM-MWT,NaN,NaN,NaN,NaN,NaN,NaN,NaN,0,0,Power flow failed for the requested comparison case.
SCR,2.69468154352965,GFM-MWT,NaN,NaN,NaN,NaN,NaN,NaN,NaN,0,0,Power flow failed for the requested comparison case.
SCR,2.90982714697003,GFM-MWT,NaN,NaN,NaN,NaN,NaN,NaN,NaN,0,0,Power flow failed for the requested comparison case.
SCR,3.1421501533547,GFM-MWT,NaN,NaN,NaN,NaN,NaN,NaN,NaN,0,0,Power flow failed for the requested comparison case.
SCR,3.39302202074363,GFM-MWT,NaN,NaN,NaN,NaN,NaN,NaN,NaN,0,0,Power flow failed for the requested comparison case.
SCR,3.6639237055428,GFM-MWT,NaN,NaN,NaN,NaN,NaN,NaN,NaN,0,0,Power flow failed for the requested comparison case.
SCR,3.95645440494263,GFM-MWT,NaN,NaN,NaN,NaN,NaN,NaN,NaN,0,0,Power flow failed for the requested comparison case.
SCR,4.27234099736006,GFM-MWT,0.132716730231159,2.00044448722669,0.132716730231159,0.132716730231159,12.5691634099711,2.00044448722669,-0.0105583266110272,0,1,
SCR,4.61344823661333,GFM-MWT,0.134685226332216,2.00048235814922,0.134685226332216,0.134685226332216,12.5694013599952,2.00048235814922,-0.0107147103496144,0,1,
SCR,4.98178976000797,GFM-MWT,0.136274559025982,2.00051597502873,0.136274559025982,0.136274559025982,12.5696125810785,2.00051597502873,-0.0108409507449244,0,1,
SCR,5.37953997531769,GFM-MWT,0.137669811312462,2.00054730389292,0.137669811312462,0.137669811312462,12.5698094261377,2.00054730389292,-0.0109517614997176,0,1,
SCR,5.80904689683146,GFM-MWT,0.138937797279454,2.00057703209308,0.138937797279454,0.138937797279454,12.5699962139282,2.00057703209308,-0.0110524544765939,0,1,
SCR,6.27284600624134,GFM-MWT,0.140111007545762,2.00060547587268,0.140111007545762,0.140111007545762,12.5701749314663,2.00060547587268,-0.011145612962127,0,1,
SCR,6.773675220195,GFM-MWT,0.141207790271492,2.00063279934768,0.141207790271492,0.141207790271492,12.5703466099229,2.00063279934768,-0.0112326959657079,0,1,
SCR,7.31449105287003,GFM-MWT,0.142239521916504,2.00065909281338,0.142239521916504,0.142239521916504,12.5705118166402,2.00065909281338,-0.0113146082611688,0,1,
SCR,7.89848606898155,GFM-MWT,0.143213746343451,2.00068440730324,0.143213746343451,0.143213746343451,12.570670872271,2.00068440730324,-0.0113919499290036,0,1,
SCR,8.52910773025237,GFM-MWT,0.144135745396167,2.00070877205366,0.144135745396167,0.144135745396167,12.5708239605129,2.00070877205366,-0.0114651412074816,0,1,
SCR,9.21007874660097,GFM-MWT,0.145009401187615,2.00073220419162,0.145009401187615,0.145009401187615,12.5709711889778,2.00073220419162,-0.0115344910378475,0,1,
SCR,9.94541905218506,GFM-MWT,0.145837702435887,2.00075471447819,0.145837702435887,0.145837702435887,12.5711126252796,2.00075471447819,-0.0116002373131574,0,1,
SCR,10.7394695360308,GFM-MWT,0.146623056615872,2.0007763108264,0.146623056615872,0.146623056615872,12.5712483191374,2.0007763108264,-0.0116625716909639,0,1,
SCR,11.5969176673348,GFM-MWT,0.147367489258087,2.00079700053575,0.147367489258087,0.147367489258087,12.5713783164152,2.00079700053575,-0.0117216554351284,0,1,
SCR,12.5228251667119,GFM-MWT,0.14807277420712,2.00081679168258,0.14807277420712,0.14807277420712,12.5715026678582,2.00081679168258,-0.0117776297699481,0,1,
SCR,13.5226578867378,GFM-MWT,0.148740519713625,2.00083569397469,0.148740519713625,0.148740519713625,12.5716214344622,2.00083569397469,-0.0118306227237985,0,1,
SCR,14.6023180781789,GFM-MWT,0.149372226017392,2.00085371921863,0.149372226017392,0.149372226017392,12.5717346904101,2.00085371921863,-0.0118807537071248,0,1,
SCR,15.7681792323853,GFM-MWT,0.149969322709021,2.00087088155016,0.149969322709021,0.149969322709021,12.5718425245194,2.00087088155016,-0.0119281364832897,0,1,
SCR,17.0271237055285,GFM-MWT,0.15053319348334,2.00088719747578,0.15053319348334,0.15053319348334,12.5719450405036,2.00088719747578,-0.0119728811376349,0,1,
SCR,18.3865833467897,GFM-MWT,0.151065190980271,2.00090268578008,0.151065190980271,0.151065190980271,12.5720423563896,2.00090268578008,-0.0120150952589303,0,1,
SCR,19.8545833703362,GFM-MWT,0.151566645571129,2.00091736736972,0.151566645571129,0.151566645571129,12.5721346035379,2.00091736736972,-0.0120548846396713,0,1,
SCR,21.439789730073,GFM-MWT,0.152038869706327,2.00093126499413,0.152038869706327,0.152038869706327,12.5722219248874,2.00093126499413,-0.0120923536241356,0,1,
SCR,23.1515602768328,GFM-MWT,0.152483158213707,2.00094440307764,0.152483158213707,0.152483158213707,12.5723044739007,2.00094440307764,-0.0121276051337634,0,1,
SCR,25,GFM-MWT,0.152900789421486,2.00095680736461,0.152900789421486,0.152900789421486,12.5723824123343,2.00095680736461,-0.0121607407592595,0,1,
SCR,1.25,GFM-MWT+AD,NaN,NaN,NaN,NaN,NaN,NaN,NaN,0,0,Power flow failed for the requested comparison case.
SCR,1.34980103398349,GFM-MWT+AD,NaN,NaN,NaN,NaN,NaN,NaN,NaN,0,0,Power flow failed for the requested comparison case.
SCR,1.45757026507431,GFM-MWT+AD,NaN,NaN,NaN,NaN,NaN,NaN,NaN,0,0,Power flow failed for the requested comparison case.
SCR,1.57394388072072,GFM-MWT+AD,NaN,NaN,NaN,NaN,NaN,NaN,NaN,0,0,Power flow failed for the requested comparison case.
SCR,1.69960886210304,GFM-MWT+AD,NaN,NaN,NaN,NaN,NaN,NaN,NaN,0,0,Power flow failed for the requested comparison case.
SCR,1.83530703954735,GFM-MWT+AD,NaN,NaN,NaN,NaN,NaN,NaN,NaN,0,0,Power flow failed for the requested comparison case.
SCR,1.98183947172655,GFM-MWT+AD,NaN,NaN,NaN,NaN,NaN,NaN,NaN,0,0,Power flow failed for the requested comparison case.
SCR,2.14007117450063,GFM-MWT+AD,NaN,NaN,NaN,NaN,NaN,NaN,NaN,0,0,Power flow failed for the requested comparison case.
SCR,2.31093622731136,GFM-MWT+AD,NaN,NaN,NaN,NaN,NaN,NaN,NaN,0,0,Power flow failed for the requested comparison case.
SCR,2.49544328727582,GFM-MWT+AD,NaN,NaN,NaN,NaN,NaN,NaN,NaN,0,0,Power flow failed for the requested comparison case.
SCR,2.69468154352965,GFM-MWT+AD,NaN,NaN,NaN,NaN,NaN,NaN,NaN,0,0,Power flow failed for the requested comparison case.
SCR,2.90982714697003,GFM-MWT+AD,NaN,NaN,NaN,NaN,NaN,NaN,NaN,0,0,Power flow failed for the requested comparison case.
SCR,3.1421501533547,GFM-MWT+AD,NaN,NaN,NaN,NaN,NaN,NaN,NaN,0,0,Power flow failed for the requested comparison case.
SCR,3.39302202074363,GFM-MWT+AD,NaN,NaN,NaN,NaN,NaN,NaN,NaN,0,0,Power flow failed for the requested comparison case.
SCR,3.6639237055428,GFM-MWT+AD,NaN,NaN,NaN,NaN,NaN,NaN,NaN,0,0,Power flow failed for the requested comparison case.
SCR,3.95645440494263,GFM-MWT+AD,NaN,NaN,NaN,NaN,NaN,NaN,NaN,0,0,Power flow failed for the requested comparison case.
SCR,4.27234099736006,GFM-MWT+AD,-0.245449199412152,0.036924936457324,-0.245449199412152,-0.386676504981467,12.1410074608932,1.93230135151673,0.0318326583204078,1,1,
SCR,4.61344823661333,GFM-MWT+AD,-0.378477334604991,0.0348045873362399,-0.378477334604991,-0.459808369483768,12.0872338633562,1.92374301766088,0.0380133320779879,1,1,
SCR,4.98178976000797,GFM-MWT+AD,-0.519887909356084,1.91608765066393,-0.519887909356084,-0.519887909356084,12.0391337739198,1.91608765066393,0.0431429583069,1,1,
SCR,5.37953997531769,GFM-MWT+AD,-0.372944331713244,0,-0.372944331713244,-0.573209498720092,11.9930465435666,1.90875264013979,0.0477406556383178,1,1,
SCR,5.80904689683146,GFM-MWT+AD,-0.343202619180494,0,-0.343202619180494,-0.621905877582004,11.9476939159476,1.90153454527203,0.0519820041173549,1,1,
SCR,6.27284600624134,GFM-MWT+AD,-0.327891621091651,0,-0.327891621091651,-0.666895512643228,11.9025110070376,1.89434346197573,0.0559420751236441,1,1,
SCR,6.773675220195,GFM-MWT+AD,-0.318229761439444,0,-0.318229761439444,-0.708596145317594,11.8572543519901,1.88714064161712,0.0596541315597024,1,1,
SCR,7.31449105287003,GFM-MWT+AD,-0.311478387348995,0,-0.311478387348995,-0.747186498283502,11.8118660983204,1.87991687668728,0.063131095162429,1,1,
SCR,7.89848606898155,GFM-MWT+AD,-0.306456035501104,0,-0.306456035501104,-0.782729991973923,11.7664137199948,1.87268290600148,0.0663756908266424,1,1,
SCR,8.52910773025237,GFM-MWT+AD,-0.302557485935055,0,-0.302557485935055,-0.815244924381726,11.7210550302501,1.86546384631643,0.0693862519842135,1,1,
SCR,9.21007874660097,GFM-MWT+AD,-0.299436607236277,0,-0.299436607236277,-0.844748649054461,11.6760109851704,1.85829486388514,0.0721604681772181,1,1,
SCR,9.94541905218506,GFM-MWT+AD,-0.296879474475087,0,-0.296879474475087,-0.871285274936592,11.6315401886643,1.85121711679797,0.0746978538611142,1,1,
SCR,10.7394695360308,GFM-MWT+AD,-0.294745850364803,0,-0.294745850364803,-0.894940414490578,11.5879141522212,1.84427381745053,0.0770012035419448,1,1,
SCR,11.5969176673348,GFM-MWT+AD,-0.292939651843042,0,-0.292939651843042,-0.915845033911743,11.5453948380733,1.83750665842702,0.0790771624698548,1,1,
SCR,12.5228251667119,GFM-MWT+AD,-0.291392432465335,0,-0.291392432465335,-0.934170885938263,11.5042165386361,1.83095292852347,0.0809360761799025,1,1,
SCR,13.5226578867378,GFM-MWT+AD,-0.290054085781723,0,-0.290054085781723,-0.950120487549968,11.4645737014587,1.82464357502851,0.0825913309435925,1,1,
SCR,14.6023180781789,GFM-MWT+AD,-0.288886914608658,0,-0.288886914608658,-0.96391482240386,11.4266149072162,1.81860224529099,0.0840584345243003,1,1,
SCR,15.7681792323853,GFM-MWT+AD,-0.287862033062532,0,-0.287862033062532,-0.975781252752996,11.3904422883316,1.81284519419094,0.0853540446251245,1,1,
SCR,17.0271237055285,GFM-MWT+AD,-0.28695666124196,0,-0.28695666124196,-0.98594338903094,11.3561148107438,1.80738180644897,0.0864951051811829,1,1,
SCR,18.3865833467897,GFM-MWT+AD,-0.286152831184894,0,-0.286152831184894,-0.994613550498002,11.3236540254058,1.80221551200576,0.0874981598871845,1,1,
SCR,19.8545833703362,GFM-MWT+AD,-0.285436016463996,0,-0.285436016463996,-1.00198792886643,11.2930506778335,1.79734483796447,0.0883788720929499,1,1,
SCR,21.439789730073,GFM-MWT+AD,-0.284794360348782,0,-0.284794360348782,-1.00824404807529,11.2642713571397,1.79276446681723,0.0891517298807691,1,1,
SCR,23.1515602768328,GFM-MWT+AD,-0.28421802896037,0,-0.28421802896037,-1.013539899073,11.2372646228339,1.7884662115557,0.0898298932625638,1,1,
SCR,25,GFM-MWT+AD,-0.283698792767291,0,-0.283698792767291,-1.01801440744445,11.2119660818558,1.78443982370602,0.090425162978677,1,1,
XR,1,GFL-WT,1771.82125035519,2270.02237977818,1771.82125035519,-0.621221219732053,12.5504772770227,1.99747049680068,0.049437291909752,0,1,
XR,1.48717948717949,GFL-WT,1774.50350639211,2264.07532404439,1774.50350639211,-0.621221219732053,12.5504772770227,1.99747049680068,0.049437291909752,0,1,
XR,1.97435897435897,GFL-WT,1776.25531627162,2261.23011300486,1776.25531627162,-0.621221219732053,12.5504772770227,1.99747049680068,0.049437291909752,0,1,
XR,2.46153846153846,GFL-WT,1777.5171615251,2259.69597691992,1777.5171615251,-0.621221219732053,12.5504772770227,1.99747049680068,0.049437291909752,0,1,
XR,2.94871794871795,GFL-WT,1778.48040272199,2258.78525989545,1778.48040272199,-0.621221219732053,12.5504772770227,1.99747049680068,0.049437291909752,0,1,
XR,3.43589743589744,GFL-WT,1779.24520178499,2258.20285844352,1779.24520178499,-0.621221219732053,12.5504772770227,1.99747049680068,0.049437291909752,0,1,
XR,3.92307692307692,GFL-WT,1779.87028922183,2257.80818648462,1779.87028922183,-0.621221219732053,12.5504772770227,1.99747049680068,0.049437291909752,0,1,
XR,4.41025641025641,GFL-WT,1780.3927770276,2257.52815556526,1780.3927770276,-0.621221219732053,12.5504772770227,1.99747049680068,0.049437291909752,0,1,
XR,4.8974358974359,GFL-WT,1780.83741738619,2257.32195208614,1780.83741738619,-0.621221219732053,12.5504772770227,1.99747049680068,0.049437291909752,0,1,
XR,5.38461538461539,GFL-WT,1781.22141808289,2257.16540732632,1781.22141808289,-0.621221219732053,12.5504772770227,1.99747049680068,0.049437291909752,0,1,
XR,5.87179487179487,GFL-WT,1781.55714900023,2257.04349513771,1781.55714900023,-0.621221219732053,12.5504772770227,1.99747049680068,0.049437291909752,0,1,
XR,6.35897435897436,GFL-WT,1781.85375022133,2256.94648371637,1781.85375022133,-0.621221219732054,12.5504772770227,1.99747049680068,0.049437291909752,0,1,
XR,6.84615384615385,GFL-WT,1782.11813428764,2256.86784753727,1782.11813428764,-0.621221219732053,12.5504772770227,1.99747049680068,0.049437291909752,0,1,
XR,7.33333333333333,GFL-WT,1782.35563421181,2256.80307861809,1782.35563421181,-0.621221219732053,12.5504772770227,1.99747049680068,0.049437291909752,0,1,
XR,7.82051282051282,GFL-WT,1782.57043603909,2256.74898120892,1782.57043603909,-0.621221219732053,12.5504772770227,1.99747049680068,0.049437291909752,0,1,
XR,8.30769230769231,GFL-WT,1782.76587558187,2256.70323801231,1782.76587558187,-0.621221219732053,12.5504772770227,1.99747049680068,0.049437291909752,0,1,
XR,8.7948717948718,GFL-WT,1782.94464684803,2256.66413488112,1782.94464684803,-0.621221219732053,12.5504772770227,1.99747049680068,0.049437291909752,0,1,
XR,9.28205128205128,GFL-WT,1783.10895153367,2256.63038118335,1783.10895153367,-0.621221219732054,12.5504772770227,1.99747049680068,0.049437291909752,0,1,
XR,9.76923076923077,GFL-WT,1783.26060823777,2256.60098966452,1783.26060823777,-0.621221219732053,12.5504772770227,1.99747049680068,0.049437291909752,0,1,
XR,10.2564102564103,GFL-WT,1783.40113359992,2256.57519431893,1783.40113359992,-0.621221219732053,12.5504772770227,1.99747049680068,0.049437291909752,0,1,
XR,10.7435897435897,GFL-WT,1783.53180345864,2256.55239311568,1783.53180345864,-0.621221219732053,12.5504772770227,1.99747049680068,0.049437291909752,0,1,
XR,11.2307692307692,GFL-WT,1783.65369960058,2256.53210734312,1783.65369960058,-0.621221219732053,12.5504772770227,1.99747049680068,0.049437291909752,0,1,
XR,11.7179487179487,GFL-WT,1783.76774590605,2256.51395227395,1783.76774590605,-0.621221219732053,12.5504772770227,1.99747049680068,0.049437291909752,0,1,
XR,12.2051282051282,GFL-WT,1783.87473664571,2256.49761568481,1783.87473664571,-0.621221219732053,12.5504772770227,1.99747049680068,0.049437291909752,0,1,
XR,12.6923076923077,GFL-WT,1783.97535882538,2256.48284191263,1783.97535882538,-0.621221219732053,12.5504772770227,1.99747049680068,0.049437291909752,0,1,
XR,13.1794871794872,GFL-WT,1784.07021002537,2256.4694198718,1784.07021002537,-0.621221219732053,12.5504772770227,1.99747049680068,0.049437291909752,0,1,
XR,13.6666666666667,GFL-WT,1784.15981275549,2256.45717394513,1784.15981275549,-0.621221219732053,12.5504772770227,1.99747049680068,0.049437291909752,0,1,
XR,14.1538461538462,GFL-WT,1784.24462609202,2256.44595698419,1784.24462609202,-0.621221219732053,12.5504772770227,1.99747049680068,0.049437291909752,0,1,
XR,14.6410256410256,GFL-WT,1784.32505520809,2256.43564487936,1784.32505520809,-0.621221219732053,12.5504772770227,1.99747049680068,0.049437291909752,0,1,
XR,15.1282051282051,GFL-WT,1784.40145920179,2256.42613230663,1784.40145920179,-0.621221219732053,12.5504772770227,1.99747049680068,0.049437291909752,0,1,
XR,15.6153846153846,GFL-WT,1784.47415758942,2256.41732936949,1784.47415758942,-0.621221219732053,12.5504772770227,1.99747049680068,0.049437291909752,0,1,
XR,16.1025641025641,GFL-WT,1784.54343572156,2256.40915892464,1784.54343572156,-0.621221219732053,12.5504772770227,1.99747049680068,0.049437291909752,0,1,
XR,16.5897435897436,GFL-WT,1784.60954931407,2256.40155443753,1784.60954931407,-0.621221219732053,12.5504772770227,1.99747049680068,0.049437291909752,0,1,
XR,17.0769230769231,GFL-WT,1784.67272827678,2256.39445825034,1784.67272827678,-0.621221219732053,12.5504772770227,1.99747049680068,0.049437291909752,0,1,
XR,17.5641025641026,GFL-WT,1784.73317995434,2256.3878201738,1784.73317995434,-0.621221219732053,12.5504772770227,1.99747049680068,0.049437291909752,0,1,
XR,18.0512820512821,GFL-WT,1784.79109188067,2256.38159633458,1784.79109188067,-0.621221219732053,12.5504772770227,1.99747049680068,0.049437291909752,0,1,
XR,18.5384615384615,GFL-WT,1784.84663413884,2256.37574822655,1784.84663413884,-0.621221219732053,12.5504772770227,1.99747049680068,0.049437291909752,0,1,
XR,19.025641025641,GFL-WT,1784.89996138631,2256.37024192789,1784.89996138631,-0.621221219732053,12.5504772770227,1.99747049680068,0.049437291909752,0,1,
XR,19.5128205128205,GFL-WT,1784.95121459979,2256.36504744628,1784.95121459979,-0.621221219732053,12.5504772770227,1.99747049680068,0.049437291909752,0,1,
XR,20,GFL-WT,1785.00052258795,2256.36013817447,1785.00052258795,-0.621221219732053,12.5504772770227,1.99747049680068,0.049437291909752,0,1,
XR,1,GFM-GWT,-0.184552987970613,0,-0.184552987970613,-0.621221219732052,12.5504772770227,1.99747049680067,0.0494372919097519,1,1,
XR,1.48717948717949,GFM-GWT,-0.184552987970543,0,-0.184552987970543,-0.62122121973205,12.5504772770227,1.99747049680067,0.0494372919097518,1,1,
XR,1.97435897435897,GFM-GWT,-0.18455298797053,0,-0.18455298797053,-0.62122121973206,12.5504772770227,1.99747049680068,0.0494372919097524,1,1,
XR,2.46153846153846,GFM-GWT,-0.184552987970535,0,-0.184552987970535,-0.621221219732051,12.5504772770227,1.99747049680068,0.0494372919097518,1,1,
XR,2.94871794871795,GFM-GWT,-0.18455298797062,0,-0.18455298797062,-0.621221219732056,12.5504772770227,1.99747049680068,0.0494372919097522,1,1,
XR,3.43589743589744,GFM-GWT,-0.184552987970561,0,-0.184552987970561,-0.62122121973204,12.5504772770227,1.99747049680068,0.0494372919097509,1,1,
XR,3.92307692307692,GFM-GWT,-0.184552987970653,0,-0.184552987970653,-0.621221219732064,12.5504772770227,1.99747049680067,0.0494372919097529,1,1,
XR,4.41025641025641,GFM-GWT,-0.184552987970559,0,-0.184552987970559,-0.62122121973205,12.5504772770227,1.99747049680068,0.0494372919097517,1,1,
XR,4.8974358974359,GFM-GWT,-0.184552987970585,0,-0.184552987970585,-0.62122121973205,12.5504772770227,1.99747049680068,0.0494372919097517,1,1,
XR,5.38461538461539,GFM-GWT,-0.184552987970575,0,-0.184552987970575,-0.621221219732066,12.5504772770227,1.99747049680067,0.049437291909753,1,1,
XR,5.87179487179487,GFM-GWT,-0.18455298797063,0,-0.18455298797063,-0.621221219732057,12.5504772770227,1.99747049680068,0.0494372919097522,1,1,
XR,6.35897435897436,GFM-GWT,-0.184552987970655,0,-0.184552987970655,-0.621221219732056,12.5504772770227,1.99747049680068,0.0494372919097522,1,1,
XR,6.84615384615385,GFM-GWT,-0.184552987970593,0,-0.184552987970593,-0.621221219732052,12.5504772770227,1.99747049680068,0.0494372919097519,1,1,
XR,7.33333333333333,GFM-GWT,-0.184552987970623,0,-0.184552987970623,-0.621221219732058,12.5504772770227,1.99747049680068,0.0494372919097523,1,1,
XR,7.82051282051282,GFM-GWT,-0.18455298797053,0,-0.18455298797053,-0.621221219732048,12.5504772770227,1.99747049680068,0.0494372919097516,1,1,
XR,8.30769230769231,GFM-GWT,-0.184552987970524,0,-0.184552987970524,-0.621221219732047,12.5504772770227,1.99747049680068,0.0494372919097515,1,1,
XR,8.7948717948718,GFM-GWT,-0.184552987970568,0,-0.184552987970568,-0.621221219732051,12.5504772770227,1.99747049680068,0.0494372919097517,1,1,
XR,9.28205128205128,GFM-GWT,-0.184552987970533,0,-0.184552987970533,-0.621221219732054,12.5504772770227,1.99747049680068,0.049437291909752,1,1,
XR,9.76923076923077,GFM-GWT,-0.184552987970561,0,-0.184552987970561,-0.621221219732051,12.5504772770227,1.99747049680068,0.0494372919097518,1,1,
XR,10.2564102564103,GFM-GWT,-0.179846738699482,0.125881114273125,-0.179846738699482,-0.621221219732033,12.5504772770227,1.99747049680068,0.0494372919097503,1,1,
XR,10.7435897435897,GFM-GWT,-0.174233923237748,0.124770777016057,-0.174233923237748,-0.621221219732105,12.5504772770227,1.99747049680067,0.0494372919097562,1,1,
XR,11.2307692307692,GFM-GWT,-0.169144720596847,0.12372823821131,-0.169144720596847,-0.62122121973211,12.5504772770227,1.99747049680068,0.0494372919097565,1,1,
XR,11.7179487179487,GFM-GWT,-0.164508907877462,0.122746514793464,-0.164508907877462,-0.621221219732045,12.5504772770227,1.99747049680068,0.0494372919097513,1,1,
XR,12.2051282051282,GFM-GWT,-0.160268595696716,0.121819610185277,-0.160268595696716,-0.621221219732038,12.5504772770228,1.99747049680068,0.0494372919097506,1,1,
XR,12.6923076923077,GFM-GWT,-0.156375300905263,0.120942367036011,-0.156375300905263,-0.621221219732064,12.5504772770227,1.99747049680068,0.0494372919097528,1,1,
XR,13.1794871794872,GFM-GWT,-0.152788342871121,0.120110292250848,-0.152788342871121,-0.621221219732047,12.5504772770227,1.99747049680068,0.0494372919097515,1,1,
XR,13.6666666666667,GFM-GWT,-0.149473106998932,0.119319471558152,-0.149473106998932,-0.621221219732044,12.5504772770227,1.99747049680068,0.0494372919097512,1,1,
XR,14.1538461538462,GFM-GWT,-0.14640020563287,0.118566446044654,-0.14640020563287,-0.621221219732052,12.5504772770227,1.99747049680068,0.0494372919097519,1,1,
XR,14.6410256410256,GFM-GWT,-0.143544299858237,0.117848168987134,-0.143544299858237,-0.62122121973205,12.5504772770227,1.99747049680068,0.0494372919097517,1,1,
XR,15.1282051282051,GFM-GWT,-0.140883591008483,0.117161926716241,-0.140883591008483,-0.621221219732048,12.5504772770227,1.99747049680068,0.0494372919097515,1,1,
XR,15.6153846153846,GFM-GWT,-0.138398974282652,0.116505317323673,-0.138398974282652,-0.621221219732061,12.5504772770227,1.99747049680068,0.0494372919097525,1,1,
XR,16.1025641025641,GFM-GWT,-0.136073928538017,0.115876172549119,-0.136073928538017,-0.621221219732057,12.5504772770227,1.99747049680068,0.0494372919097523,1,1,
XR,16.5897435897436,GFM-GWT,-0.133893910821892,0.115272552055646,-0.133893910821892,-0.621221219732052,12.5504772770227,1.99747049680068,0.0494372919097518,1,1,
XR,17.0769230769231,GFM-GWT,-0.131846084177418,0.114692707096468,-0.131846084177418,-0.621221219732048,12.5504772770227,1.99747049680068,0.0494372919097515,1,1,
XR,17.5641025641026,GFM-GWT,-0.129919101348502,0.114135055225679,-0.129919101348502,-0.621221219732037,12.5504772770227,1.99747049680068,0.0494372919097507,1,1,
XR,18.0512820512821,GFM-GWT,-0.128102897714798,0.113598160559879,-0.128102897714798,-0.621221219732056,12.5504772770227,1.99747049680068,0.0494372919097522,1,1,
XR,18.5384615384615,GFM-GWT,-0.126388480894364,0.113080719325179,-0.126388480894364,-0.621221219732059,12.5504772770227,1.99747049680068,0.0494372919097525,1,1,
XR,19.025641025641,GFM-GWT,-0.124767824125679,0.112581539768058,-0.124767824125679,-0.621221219732062,12.5504772770227,1.99747049680068,0.0494372919097526,1,1,
XR,19.5128205128205,GFM-GWT,-0.123233727203358,0.112099531566848,-0.123233727203358,-0.621221219732067,12.5504772770227,1.99747049680068,0.049437291909753,1,1,
XR,20,GFM-GWT,-0.121779651764003,0.111633704066417,-0.121779651764003,-0.621221219732053,12.5504772770227,1.99747049680068,0.049437291909752,1,1,
XR,1,GFM-MWT,0.147876126293616,2.00054487499402,0.147876126293616,0.147876126293616,12.5697941649158,2.00054487499402,-0.0117635891487459,0,1,
XR,1.48717948717949,GFM-MWT,0.144322793660976,2.0005639252888,0.144322793660976,0.144322793660976,12.5699138614481,2.0005639252888,-0.0114808489025724,0,1,
XR,1.97435897435897,GFM-MWT,0.141988955112654,2.00056086000068,0.141988955112654,0.141988955112654,12.5698946016748,2.00056086000068,-0.0112952337059189,0,1,
XR,2.46153846153846,GFM-MWT,0.140361711905828,2.00055280850427,0.140361711905828,0.140361711905828,12.5698440126309,2.00055280850427,-0.0111658475326383,0,1,
XR,2.94871794871795,GFM-MWT,0.139165924586479,2.00054431180791,0.139165924586479,0.139165924586479,12.5697906263131,2.00054431180791,-0.0110707807490327,0,1,
XR,3.43589743589744,GFM-MWT,0.138249194600776,2.00053653374922,0.138249194600776,0.138249194600776,12.5697417553291,2.00053653374922,-0.0109979056170958,0,1,
XR,3.92307692307692,GFM-MWT,0.137522395654861,2.00052968834512,0.137522395654861,0.137522395654861,12.5696987443866,2.00052968834512,-0.0109401321717006,0,1,
XR,4.41025641025641,GFM-MWT,0.136930515431259,2.00052372198381,0.136930515431259,0.136930515431259,12.5696612566329,2.00052372198381,-0.0108930852116693,0,1,
XR,4.8974358974359,GFM-MWT,0.136437934512568,2.00051851724374,0.136437934512568,0.136437934512568,12.5696285542866,2.00051851724374,-0.0108539323144673,0,1,
XR,5.38461538461539,GFM-MWT,0.136020626121133,2.00051395463486,0.136020626121133,0.136020626121133,12.5695998865695,2.00051395463486,-0.0108207630999969,0,1,
XR,5.87179487179487,GFM-MWT,0.135661805358453,2.00050992961303,0.135661805358453,0.135661805358453,12.5695745966115,2.00050992961303,-0.0107922430986168,0,1,
XR,6.35897435897436,GFM-MWT,0.135349392334621,2.00050635522165,0.135349392334621,0.135349392334621,12.569552138048,2.00050635522165,-0.0107674119657303,0,1,
XR,6.84615384615385,GFM-MWT,0.135074467605903,2.00050316042641,0.135074467605903,0.135074467605903,12.5695320645575,2.00050316042641,-0.0107455606430159,0,1,
XR,7.33333333333333,GFM-MWT,0.134830297780287,2.00050028744628,0.134830297780287,0.134830297780287,12.569514013091,2.00050028744628,-0.0107261538734498,0,1,
XR,7.82051282051282,GFM-MWT,0.134611700737433,2.0004976891887,0.134611700737433,0.134611700737433,12.5694976877572,2.0004976891887,-0.0107087797270853,0,1,
XR,8.30769230769231,GFM-MWT,0.134414620054993,2.00049532709188,0.134414620054993,0.134414620054993,12.5694828462651,2.00049532709188,-0.0106931157639707,0,1,
XR,8.7948717948718,GFM-MWT,0.134235832644228,2.00049316936686,0.134235832644228,0.134235832644228,12.569469288879,2.00049316936686,-0.0106789057898223,0,1,
XR,9.28205128205128,GFM-MWT,0.134072743241706,2.00049118965259,0.134072743241706,0.134072743241706,12.5694568499674,2.00049118965259,-0.0106659435176709,0,1,
XR,9.76923076923077,GFM-MWT,0.133923237097488,2.00048936591429,0.133923237097488,0.133923237097488,12.5694453910817,2.00048936591429,-0.0106540608569405,0,1,
XR,10.2564102564103,GFM-MWT,0.133785572506088,2.00048767961936,0.133785572506088,0.133785572506088,12.5694347957781,2.00048767961936,-0.010643119370001,0,1,
XR,10.7435897435897,GFM-MWT,0.133658301031631,2.00048611507637,0.133658301031631,0.133658301031631,12.5694249654646,2.00048611507637,-0.0106330039305601,0,1,
XR,11.2307692307692,GFM-MWT,0.133540207561677,2.00048465891547,0.133540207561677,0.133540207561677,12.5694158161359,2.00048465891547,-0.0106236179584158,0,1,
XR,11.7179487179487,GFM-MWT,0.133430264507245,2.00048329967979,0.133430264507245,0.133430264507245,12.5694072758062,2.00048329967979,-0.0106148797787696,0,1,
XR,12.2051282051282,GFM-MWT,0.133327596496529,2.00048202748865,0.133327596496529,0.133327596496529,12.5693992823935,2.00048202748865,-0.0106067198158001,0,1,
XR,12.6923076923077,GFM-MWT,0.133231452830673,2.00048083377846,0.133231452830673,0.133231452830673,12.5693917820912,2.00048083377846,-0.0105990784032009,0,1,
XR,13.1794871794872,GFM-MWT,0.133141185686963,2.00047971110263,0.133141185686963,0.133141185686963,12.5693847281109,2.00047971110263,-0.0105919040515439,0,1,
XR,13.6666666666667,GFM-MWT,0.133056232853032,2.00047865293141,0.133056232853032,0.133056232853032,12.569378079425,2.00047865293141,-0.0105851520760309,0,1,
XR,14.1538461538462,GFM-MWT,0.132976103819502,2.00047765353624,0.132976103819502,0.132976103819502,12.56937180004,2.00047765353624,-0.0105787834909229,0,1,
XR,14.6410256410256,GFM-MWT,0.132900368487521,2.00047670786123,0.132900368487521,0.132900368487521,12.5693658581887,2.00047670786123,-0.0105727641120214,0,1,
XR,15.1282051282051,GFM-MWT,0.132828648053331,2.00047581141991,0.132828648053331,0.132828648053331,12.5693602256817,2.00047581141991,-0.0105670638321757,0,1,
XR,15.6153846153846,GFM-MWT,0.13276060743102,2.00047496022769,0.13276060743102,0.13276060743102,12.5693548774833,2.00047496022769,-0.0105616560189458,0,1,
XR,16.1025641025641,GFM-MWT,0.132695949018877,2.00047415072935,0.132695949018877,0.132695949018877,12.5693497912552,2.00047415072935,-0.0105565170191609,0,1,
XR,16.5897435897436,GFM-MWT,0.132634407502486,2.00047337973511,0.132634407502486,0.132634407502486,12.5693449469556,2.00047337973511,-0.010551625745894,0,1,
XR,17.0769230769231,GFM-MWT,0.132575745533051,2.00047264438806,0.132575745533051,0.132575745533051,12.5693403266337,2.00047264438806,-0.0105469633348862,0,1,
XR,17.5641025641026,GFM-MWT,0.132519750064006,2.00047194211108,0.132519750064006,0.132519750064006,12.5693359140974,2.00047194211108,-0.0105425128534392,0,1,
XR,18.0512820512821,GFM-MWT,0.132466229272285,2.00047127057645,0.132466229272285,0.132466229272285,12.5693316947209,2.00047127057645,-0.0105382590556909,0,1,
XR,18.5384615384615,GFM-MWT,0.13241500994032,2.00047062767211,0.13241500994032,0.13241500994032,12.5693276552337,2.00047062767211,-0.0105341881745565,0,1,
XR,19.025641025641,GFM-MWT,0.132365935169387,2.00047001148664,0.132365935169387,0.132365935169387,12.5693237836262,2.00047001148664,-0.0105302877399243,0,1,
XR,19.5128205128205,GFM-MWT,0.13231886252075,2.00046942027844,0.13231886252075,0.13231886252075,12.5693200689556,2.00046942027844,-0.0105265464309636,0,1,
XR,20,GFM-MWT,0.132273662338205,2.00046885245058,0.132273662338205,0.132273662338205,12.5693165011879,2.00046885245058,-0.0105229539428298,0,1,
XR,1,GFM-MWT+AD,-0.287653963979443,0,-0.287653963979443,-1.02639451969876,11.5774550117587,1.84260919354543,0.0883082332746609,1,1,
XR,1.48717948717949,GFM-MWT+AD,-0.298530596496102,0,-0.298530596496102,-0.865706504045575,11.7518817588492,1.87037007255232,0.0734662860055738,1,1,
XR,1.97435897435897,GFM-MWT+AD,-0.310275993422066,0,-0.310275993422066,-0.760788561027673,11.8483578935388,1.88572472627858,0.0640785028238603,1,1,
XR,2.46153846153846,GFM-MWT+AD,-0.323190801281421,0,-0.323190801281421,-0.689573720900904,11.9084899289373,1.89529503695043,0.0578092197653566,1,1,
XR,2.94871794871795,GFM-MWT+AD,-0.337843967964666,0,-0.337843967964666,-0.638509781581852,11.9494586206721,1.90181540675202,0.0533580815808287,1,1,
XR,3.43589743589744,GFM-MWT+AD,-0.355205436692577,0,-0.355205436692577,-0.600132440266212,11.9792102671901,1.90655052836049,0.0500350805744338,1,1,
XR,3.92307692307692,GFM-MWT+AD,-0.377156521001662,0,-0.377156521001662,-0.570186524234147,12.0018550098273,1.91015455108625,0.0474546765637371,1,1,
XR,4.41025641025641,GFM-MWT+AD,-0.408448714585712,0,-0.408448714585712,-0.546112146272206,12.0197163801712,1.91299727646687,0.0453878716788369,1,1,
XR,4.8974358974359,GFM-MWT+AD,-0.474847744532768,0,-0.474847744532768,-0.526288584122238,12.0342027664119,1.91530285644461,0.0436909729665725,1,1,
XR,5.38461538461539,GFM-MWT+AD,-0.494503714030733,0.0196487382773799,-0.494503714030733,-0.509643205536065,12.0462165170353,1.91721490424141,0.0422695132958941,1,1,
XR,5.87179487179487,GFM-MWT+AD,-0.46004951526334,0.0264848736708332,-0.46004951526334,-0.495438683995425,12.0563623888137,1.91882966988692,0.0410588930979607,1,1,
XR,6.35897435897436,GFM-MWT+AD,-0.432259321009897,0.0302402935071282,-0.432259321009897,-0.48315164332932,12.0650609815108,1.9202140939126,0.0400134494012201,1,1,
XR,6.84615384615385,GFM-MWT+AD,-0.409211504413009,0.03260465865627,-0.409211504413009,-0.472400205823051,12.0726140327564,1.92141619935375,0.0390999796496647,1,1,
XR,7.33333333333333,GFM-MWT+AD,-0.389690949197234,0.0341898703052926,-0.389690949197234,-0.462899056237959,12.0792437789396,1.92247135623027,0.0382937491783838,1,1,
XR,7.82051282051282,GFM-MWT+AD,-0.372882689250561,0.0352904609098452,-0.372882689250561,-0.454430599647592,12.0851176366603,1.92340620972154,0.0375759411720652,1,1,
XR,8.30769230769231,GFM-MWT+AD,-0.358215039361312,0.036069539951609,-0.358215039361312,-0.446825873133183,12.0903642159684,1.92424122875273,0.0369319759474105,1,1,
XR,8.7948717948718,GFM-MWT+AD,-0.345272786715183,0.0366256010554447,-0.345272786715183,-0.439951587558491,12.0950840213683,1.92499240911256,0.036350373900292,1,1,
XR,9.28205128205128,GFM-MWT+AD,-0.333745712336741,0.0370218032882841,-0.333745712336741,-0.433701105146711,12.0993567808433,1.92567243990365,0.0358219662553661,1,1,
XR,9.76923076923077,GFM-MWT+AD,-0.323396552014302,0.0373005005387822,-0.323396552014302,-0.427988038992563,12.103246598651,1.92629152363548,0.0353393365638853,1,1,
XR,10.2564102564103,GFM-MWT+AD,-0.31404018181748,0.0374911046307694,-0.31404018181748,-0.422741616552458,12.1068056328959,1.92685796152818,0.0348964171105675,1,1,
XR,10.7435897435897,GFM-MWT+AD,-0.305529752800205,0.0376146079341541,-0.305529752800205,-0.417903266370667,12.1100767806147,1.92737858085722,0.0344881923968334,1,1,
XR,11.2307692307692,GFM-MWT+AD,-0.297747084129665,0.0376863392005013,-0.297747084129665,-0.413424069928816,12.1130956653598,1.92785905128702,0.0341104781782246,1,1,
XR,11.7179487179487,GFM-MWT+AD,-0.290595748918559,0.0377177208781656,-0.290595748918559,-0.40926282560583,12.1158921330472,1.92830412294267,0.0337597538760983,1,1,
XR,12.2051282051282,GFM-MWT+AD,-0.283996278177706,0.0377173904213648,-0.283996278177706,-0.405384569602827,12.1184913895504,1.92871780746352,0.0334330347170303,1,1,
XR,12.6923076923077,GFM-MWT+AD,-0.277882388909356,0.0376919894310774,-0.277882388909356,-0.401759421566533,12.1209148805339,1.92910351803308,0.0331277720957177,1,1,
XR,13.1794871794872,GFM-MWT+AD,-0.272198463806848,0.0376466610090814,-0.272198463806848,-0.398361680017999,12.1231809703432,1.92946417742772,0.0328417756130426,1,1,
XR,13.6666666666667,GFM-MWT+AD,-0.266897339538605,0.0375854482685842,-0.266897339538605,-0.395169109386942,12.1253054897634,1.92980230519515,0.0325731516499905,1,1,
XR,14.1538461538462,GFM-MWT+AD,-0.261938725186089,0.0375115577508324,-0.261938725186089,-0.392162363560603,12.1273021588,1.93012008494203,0.0323202538158438,1,1,
XR,14.6410256410256,GFM-MWT+AD,-0.257287936558646,0.0374275573307709,-0.257287936558646,-0.389324524286862,12.1291829343086,1.93041941966108,0.0320816432745861,1,1,
XR,15.1282051282051,GFM-MWT+AD,-0.25291508784939,0.0373354985092543,-0.25291508784939,-0.386640730697204,12.1309582866918,1.93070197576858,0.0318560569283561,1,1,
XR,15.6153846153846,GFM-MWT+AD,-0.248794078453321,0.0372370559383426,-0.248794078453321,-0.384097866036593,12.1326374285342,1.93096921949295,0.0316423805640902,1,1,
XR,16.1025641025641,GFM-MWT+AD,-0.244902191544993,0.0371335776405597,-0.244902191544993,-0.381684308491358,12.1342284973703,1.93122244596303,0.0314396274946554,1,1,
XR,16.5897435897436,GFM-MWT+AD,-0.241219382072801,0.037026179373183,-0.241219382072801,-0.379389719094418,12.1357387153535,1.93146280462019,0.0312469203878968,1,1,
XR,17.0769230769231,GFM-MWT+AD,-0.237727911558924,0.0369157817161423,-0.237727911558924,-0.377204865392294,12.1371745125284,1.93169131883786,0.0310634761931173,1,1,
XR,17.5641025641026,GFM-MWT+AD,-0.234412181264088,0.0368031279139568,-0.234412181264088,-0.375121478438809,12.1385416335837,1.93190890291161,0.030888593899398,1,1,
XR,18.0512820512821,GFM-MWT+AD,-0.231258224700593,0.0366888433816344,-0.231258224700593,-0.373132125141908,12.1398452309797,1.93211637688099,0.0307216436298249,1,1,
XR,18.5384615384615,GFM-MWT+AD,-0.228253590387649,0.0365734437045309,-0.228253590387649,-0.371230105829318,12.1410899395114,1.93231447839653,0.0305620578881846,1,1,
XR,19.025641025641,GFM-MWT+AD,-0.225387154442981,0.0364573513004263,-0.225387154442981,-0.369409361784076,12.1422799383403,1.93250387259241,0.030409323681826,1,1,
XR,19.5128205128205,GFM-MWT+AD,-0.222648810071177,0.0363409306330651,-0.222648810071177,-0.367664400172509,12.143419010242,1.93268516151611,0.0302629761020808,1,1,
XR,20,GFM-MWT+AD,-0.220029517640278,0.0362244772963999,-0.220029517640278,-0.365990230537372,12.1445105871595,1.93285889137828,0.0301225929065393,1,1,
C_dc,0.000375,GFL-WT,1760.26845681603,2260.42919097063,1760.26845681603,-0.621221219732053,12.5504772770227,1.99747049680068,0.049437291909752,0,1,
C_dc,0.000442307692307692,GFL-WT,1764.71289071674,2259.78424908003,1764.71289071674,-0.621221219732053,12.5504772770227,1.99747049680068,0.049437291909752,0,1,
C_dc,0.000509615384615385,GFL-WT,1767.89932840594,2259.31229367551,1767.89932840594,-0.621221219732053,12.5504772770227,1.99747049680068,0.049437291909752,0,1,
C_dc,0.000576923076923077,GFL-WT,1770.29467657749,2258.95182565727,1770.29467657749,-0.621221219732053,12.5504772770227,1.99747049680068,0.049437291909752,0,1,
C_dc,0.000644230769230769,GFL-WT,1772.16053755192,2258.66745676947,1772.16053755192,-0.621221219732053,12.5504772770227,1.99747049680068,0.049437291909752,0,1,
C_dc,0.000711538461538462,GFL-WT,1773.65475959197,2258.43736209894,1773.65475959197,-0.621221219732053,12.5504772770227,1.99747049680068,0.049437291909752,0,1,
C_dc,0.000778846153846154,GFL-WT,1774.87818625457,2258.24734280757,1774.87818625457,-0.621221219732053,12.5504772770227,1.99747049680068,0.049437291909752,0,1,
C_dc,0.000846153846153846,GFL-WT,1775.89823696622,2258.08775976261,1775.89823696622,-0.621221219732053,12.5504772770227,1.99747049680068,0.049437291909752,0,1,
C_dc,0.000913461538461539,GFL-WT,1776.76168470462,2257.95183782353,1776.76168470462,-0.621221219732053,12.5504772770227,1.99747049680068,0.049437291909752,0,1,
C_dc,0.000980769230769231,GFL-WT,1777.50199194514,2257.834675014,1777.50199194514,-0.621221219732053,12.5504772770227,1.99747049680068,0.049437291909752,0,1,
C_dc,0.00104807692307692,GFL-WT,1778.14372803463,2257.73263666151,1778.14372803463,-0.621221219732053,12.5504772770227,1.99747049680068,0.049437291909752,0,1,
C_dc,0.00111538461538462,GFL-WT,1778.70533779409,2257.64297052327,1778.70533779409,-0.621221219732054,12.5504772770227,1.99747049680068,0.049437291909752,0,1,
C_dc,0.00118269230769231,GFL-WT,1779.20093693005,2257.56355420245,1779.20093693005,-0.621221219732053,12.5504772770227,1.99747049680068,0.049437291909752,0,1,
C_dc,0.00125,GFL-WT,1779.64151111993,2257.49272466001,1779.64151111993,-0.621221219732053,12.5504772770227,1.99747049680068,0.049437291909752,0,1,
C_dc,0.00131730769230769,GFL-WT,1780.03573763081,2257.42916027785,1780.03573763081,-0.621221219732054,12.5504772770227,1.99747049680068,0.049437291909752,0,1,
C_dc,0.00138461538461538,GFL-WT,1780.39056113862,2257.37179749487,1780.39056113862,-0.621221219732053,12.5504772770227,1.99747049680068,0.049437291909752,0,1,
C_dc,0.00145192307692308,GFL-WT,1780.71160543745,2257.31977073697,1780.71160543745,-0.621221219732053,12.5504772770227,1.99747049680068,0.049437291909752,0,1,
C_dc,0.00151923076923077,GFL-WT,1781.00347311592,2257.2723683852,1781.00347311592,-0.621221219732053,12.5504772770227,1.99747049680068,0.049437291909752,0,1,
C_dc,0.00158653846153846,GFL-WT,1781.26996721227,2257.22899999685,1781.26996721227,-0.621221219732053,12.5504772770227,1.99747049680068,0.049437291909752,0,1,
C_dc,0.00165384615384615,GFL-WT,1781.5142575546,2257.18917156087,1781.5142575546,-0.621221219732053,12.5504772770227,1.99747049680068,0.049437291909752,0,1,
C_dc,0.00172115384615385,GFL-WT,1781.73900724364,2257.15246657972,1781.73900724364,-0.621221219732054,12.5504772770227,1.99747049680068,0.049437291909752,0,1,
C_dc,0.00178846153846154,GFL-WT,1781.94646999172,2257.11853143858,1781.94646999172,-0.621221219732055,12.5504772770227,1.99747049680068,0.049437291909752,0,1,
C_dc,0.00185576923076923,GFL-WT,1782.13856586076,2257.08706396719,1782.13856586076,-0.621221219732053,12.5504772770227,1.99747049680068,0.049437291909752,0,1,
C_dc,0.00192307692307692,GFL-WT,1782.31694078192,2257.0578044115,1782.31694078192,-0.621221219732053,12.5504772770227,1.99747049680068,0.049437291909752,0,1,
C_dc,0.00199038461538462,GFL-WT,1782.48301378975,2257.030528243,1782.48301378975,-0.621221219732053,12.5504772770227,1.99747049680068,0.049437291909752,0,1,
C_dc,0.00205769230769231,GFL-WT,1782.6380148024,2257.00504038194,1782.6380148024,-0.621221219732053,12.5504772770227,1.99747049680068,0.049437291909752,0,1,
C_dc,0.002125,GFL-WT,1782.78301510791,2256.98117052273,1782.78301510791,-0.621221219732054,12.5504772770227,1.99747049680068,0.049437291909752,0,1,
C_dc,0.00219230769230769,GFL-WT,1782.91895213461,2256.95876932136,1782.91895213461,-0.621221219732053,12.5504772770227,1.99747049680068,0.049437291909752,0,1,
C_dc,0.00225961538461539,GFL-WT,1783.0466497195,2256.93770526625,1783.0466497195,-0.621221219732053,12.5504772770227,1.99747049680068,0.049437291909752,0,1,
C_dc,0.00232692307692308,GFL-WT,1783.1668348079,2256.91786209406,1783.1668348079,-0.621221219732053,12.5504772770227,1.99747049680068,0.049437291909752,0,1,
C_dc,0.00239423076923077,GFL-WT,1783.28015128623,2256.89913664145,1783.28015128623,-0.621221219732055,12.5504772770227,1.99747049680068,0.049437291909752,0,1,
C_dc,0.00246153846153846,GFL-WT,1783.38717151356,2256.88143705047,1783.38717151356,-0.621221219732053,12.5504772770227,1.99747049680068,0.049437291909752,0,1,
C_dc,0.00252884615384615,GFL-WT,1783.48840598714,2256.86468126113,1783.48840598714,-0.621221219732053,12.5504772770227,1.99747049680068,0.049437291909752,0,1,
C_dc,0.00259615384615385,GFL-WT,1783.58431147159,2256.8487957387,1783.58431147159,-0.621221219732053,12.5504772770227,1.99747049680068,0.049437291909752,0,1,
C_dc,0.00266346153846154,GFL-WT,1783.67529789661,2256.8337143949,1783.67529789661,-0.621221219732054,12.5504772770227,1.99747049680068,0.049437291909752,0,1,
C_dc,0.00273076923076923,GFL-WT,1783.76173420027,2256.81937766814,1783.76173420027,-0.621221219732055,12.5504772770227,1.99747049680068,0.049437291909752,0,1,
C_dc,0.00279807692307692,GFL-WT,1783.84395333044,2256.80573173753,1783.84395333044,-0.621221219732054,12.5504772770227,1.99747049680068,0.049437291909752,0,1,
C_dc,0.00286538461538462,GFL-WT,1783.92225653193,2256.79272784731,1783.92225653193,-0.621221219732053,12.5504772770227,1.99747049680068,0.049437291909752,0,1,
C_dc,0.00293269230769231,GFL-WT,1783.99691702305,2256.78032172467,1783.99691702305,-0.621221219732053,12.5504772770227,1.99747049680068,0.049437291909752,0,1,
C_dc,0.003,GFL-WT,1784.06818318972,2256.76847307593,1784.06818318972,-0.621221219732053,12.5504772770227,1.99747049680068,0.049437291909752,0,1,
C_dc,0.000375,GFM-GWT,0.171917078284201,0.335883974160191,0.171917078284201,-0.621221219732047,12.5504772770227,1.99747049680068,0.0494372919097515,0,1,
C_dc,0.000442307692307692,GFM-GWT,0.0922103954579269,0.31432807286737,0.0922103954579269,-0.621221219732052,12.5504772770227,1.99747049680068,0.0494372919097518,0,1,
C_dc,0.000509615384615385,GFM-GWT,0.0260620411784553,0.296134660335257,0.0260620411784553,-0.621221219732057,12.5504772770227,1.99747049680068,0.0494372919097523,0,1,
C_dc,0.000576923076923077,GFM-GWT,-0.0301796071697511,0.280316690243734,-0.0301796071697511,-0.62122121973205,12.5504772770227,1.99747049680068,0.0494372919097517,1,1,
C_dc,0.000644230769230769,GFM-GWT,-0.0788204092164915,0.266240275653592,-0.0788204092164915,-0.621221219732048,12.5504772770227,1.99747049680068,0.0494372919097516,1,1,
C_dc,0.000711538461538462,GFM-GWT,-0.121378504131976,0.253475028822635,-0.121378504131976,-0.621221219732053,12.5504772770227,1.99747049680068,0.049437291909752,1,1,
C_dc,0.000778846153846154,GFM-GWT,-0.1588762280764,0.241716082063656,-0.1588762280764,-0.621221219732049,12.5504772770227,1.99747049680068,0.0494372919097516,1,1,
C_dc,0.000846153846153846,GFM-GWT,-0.184552987970632,0,-0.184552987970632,-0.621221219732055,12.5504772770227,1.99747049680068,0.049437291909752,1,1,
C_dc,0.000913461538461539,GFM-GWT,-0.184552987970544,0,-0.184552987970544,-0.621221219732046,12.5504772770227,1.99747049680068,0.0494372919097514,1,1,
C_dc,0.000980769230769231,GFM-GWT,-0.184552987970533,0,-0.184552987970533,-0.621221219732048,12.5504772770227,1.99747049680068,0.0494372919097515,1,1,
C_dc,0.00104807692307692,GFM-GWT,-0.184552987970513,0,-0.184552987970513,-0.62122121973206,12.5504772770228,1.99747049680068,0.0494372919097524,1,1,
C_dc,0.00111538461538462,GFM-GWT,-0.18455298797062,0,-0.18455298797062,-0.621221219732054,12.5504772770227,1.99747049680068,0.049437291909752,1,1,
C_dc,0.00118269230769231,GFM-GWT,-0.184552987970515,0,-0.184552987970515,-0.621221219732046,12.5504772770228,1.99747049680068,0.0494372919097513,1,1,
C_dc,0.00125,GFM-GWT,-0.184552987970608,0,-0.184552987970608,-0.621221219732056,12.5504772770227,1.99747049680068,0.0494372919097522,1,1,
C_dc,0.00131730769230769,GFM-GWT,-0.184552987970597,0,-0.184552987970597,-0.621221219732071,12.5504772770227,1.99747049680068,0.0494372919097534,1,1,
C_dc,0.00138461538461538,GFM-GWT,-0.184552987970589,0,-0.184552987970589,-0.62122121973205,12.5504772770227,1.99747049680068,0.0494372919097517,1,1,
C_dc,0.00145192307692308,GFM-GWT,-0.18455298797061,0,-0.18455298797061,-0.621221219732052,12.5504772770227,1.99747049680068,0.0494372919097519,1,1,
C_dc,0.00151923076923077,GFM-GWT,-0.184552987970603,0,-0.184552987970603,-0.621221219732041,12.5504772770228,1.99747049680068,0.0494372919097509,1,1,
C_dc,0.00158653846153846,GFM-GWT,-0.184552987970597,0,-0.184552987970597,-0.621221219732076,12.5504772770227,1.99747049680068,0.0494372919097537,1,1,
C_dc,0.00165384615384615,GFM-GWT,-0.184552987970663,0,-0.184552987970663,-0.62122121973206,12.5504772770227,1.99747049680068,0.0494372919097525,1,1,
C_dc,0.00172115384615385,GFM-GWT,-0.184552987970551,0,-0.184552987970551,-0.621221219732046,12.5504772770227,1.99747049680068,0.0494372919097514,1,1,
C_dc,0.00178846153846154,GFM-GWT,-0.184552987970554,0,-0.184552987970554,-0.621221219732051,12.5504772770227,1.99747049680068,0.0494372919097517,1,1,
C_dc,0.00185576923076923,GFM-GWT,-0.184552987970631,0,-0.184552987970631,-0.621221219732061,12.5504772770227,1.99747049680068,0.0494372919097525,1,1,
C_dc,0.00192307692307692,GFM-GWT,-0.184552987970588,0,-0.184552987970588,-0.621221219732035,12.5504772770227,1.99747049680068,0.0494372919097505,1,1,
C_dc,0.00199038461538462,GFM-GWT,-0.184552987970602,0,-0.184552987970602,-0.621221219732046,12.5504772770227,1.99747049680068,0.0494372919097514,1,1,
C_dc,0.00205769230769231,GFM-GWT,-0.184552987970603,0,-0.184552987970603,-0.621221219732067,12.5504772770227,1.99747049680068,0.0494372919097531,1,1,
C_dc,0.002125,GFM-GWT,-0.184552987970552,0,-0.184552987970552,-0.621221219732064,12.5504772770227,1.99747049680068,0.0494372919097529,1,1,
C_dc,0.00219230769230769,GFM-GWT,-0.184552987970578,0,-0.184552987970578,-0.621221219732044,12.5504772770227,1.99747049680068,0.0494372919097512,1,1,
C_dc,0.00225961538461539,GFM-GWT,-0.184552987970578,0,-0.184552987970578,-0.621221219732053,12.5504772770227,1.99747049680068,0.0494372919097519,1,1,
C_dc,0.00232692307692308,GFM-GWT,-0.184552987970521,0,-0.184552987970521,-0.621221219732062,12.5504772770228,1.99747049680068,0.0494372919097525,1,1,
C_dc,0.00239423076923077,GFM-GWT,-0.184552987970562,0,-0.184552987970562,-0.621221219732051,12.5504772770227,1.99747049680068,0.0494372919097518,1,1,
C_dc,0.00246153846153846,GFM-GWT,-0.184552987970557,0,-0.184552987970557,-0.621221219732051,12.5504772770227,1.99747049680067,0.0494372919097519,1,1,
C_dc,0.00252884615384615,GFM-GWT,-0.184552987970592,0,-0.184552987970592,-0.621221219732049,12.5504772770227,1.99747049680067,0.0494372919097517,1,1,
C_dc,0.00259615384615385,GFM-GWT,-0.184552987970565,0,-0.184552987970565,-0.621221219732064,12.5504772770227,1.99747049680068,0.0494372919097528,1,1,
C_dc,0.00266346153846154,GFM-GWT,-0.184552987970617,0,-0.184552987970617,-0.621221219732056,12.5504772770227,1.99747049680068,0.0494372919097521,1,1,
C_dc,0.00273076923076923,GFM-GWT,-0.184552987970572,0,-0.184552987970572,-0.621221219732049,12.5504772770227,1.99747049680068,0.0494372919097516,1,1,
C_dc,0.00279807692307692,GFM-GWT,-0.184441997822484,0.0834144493389036,-0.184441997822484,-0.621221219732058,12.5504772770227,1.99747049680068,0.0494372919097523,1,1,
C_dc,0.00286538461538462,GFM-GWT,-0.17935112487738,0.0820353665144711,-0.17935112487738,-0.621221219732055,12.5504772770227,1.99747049680068,0.049437291909752,1,1,
C_dc,0.00293269230769231,GFM-GWT,-0.174519216120578,0.0807283886272647,-0.174519216120578,-0.621221219732067,12.5504772770227,1.99747049680068,0.0494372919097531,1,1,
C_dc,0.003,GFM-GWT,-0.169929191815677,0.0794871570428891,-0.169929191815677,-0.621221219732067,12.5504772770227,1.99747049680068,0.0494372919097529,1,1,
C_dc,0.000375,GFM-MWT,0.13496940749013,2.0005477498076,0.13496940749013,0.13496940749013,12.5698122279023,2.0005477498076,-0.0107369644844235,0,1,
C_dc,0.000442307692307692,GFM-MWT,0.135051292830794,2.00054596144008,0.135051292830794,0.135051292830794,12.5698009912578,2.00054596144008,-0.0107434874044084,0,1,
C_dc,0.000509615384615385,GFM-MWT,0.135133226804771,2.00054417041684,0.135133226804771,0.135133226804771,12.5697897379269,2.00054417041684,-0.0107500142173456,0,1,
C_dc,0.000576923076923077,GFM-MWT,0.135215209443499,2.00054237673379,0.135215209443499,0.135215209443499,12.5697784678839,2.00054237673379,-0.0107565449257911,0,1,
C_dc,0.000644230769230769,GFM-MWT,0.135297240797352,2.00054058038611,0.135297240797352,0.135297240797352,12.5697671810985,2.00054058038611,-0.0107630795338106,0,1,
C_dc,0.000711538461538462,GFM-MWT,0.135379320915739,2.00053878137158,0.135379320915739,0.135379320915739,12.5697558775569,2.00053878137158,-0.0107696180453798,0,1,
C_dc,0.000778846153846154,GFM-MWT,0.135461449817214,2.00053697968431,0.135461449817214,0.135461449817214,12.5697445572219,2.00053697968431,-0.0107761604620394,0,1,
C_dc,0.000846153846153846,GFM-MWT,0.135543627560986,2.0005351753211,0.135543627560986,0.135543627560986,12.5697332200735,2.0005351753211,-0.0107827067885497,0,1,
C_dc,0.000913461538461539,GFM-MWT,0.135625854173149,2.00053336827673,0.135625854173149,0.135625854173149,12.5697218660788,2.00053336827673,-0.0107892570270482,0,1,
C_dc,0.000980769230769231,GFM-MWT,0.135708129718414,2.00053155854998,0.135708129718414,0.135708129718414,12.5697104952303,2.00053155854998,-0.0107958111827221,0,1,
C_dc,0.00104807692307692,GFM-MWT,0.13579045421271,2.00052974613277,0.13579045421271,0.13579045421271,12.5696991074771,2.00052974613277,-0.0108023692569158,0,1,
C_dc,0.00111538461538462,GFM-MWT,0.135872827702152,2.00052793102191,0.135872827702152,0.135872827702152,12.5696877027993,2.00052793102191,-0.0108089312533485,0,1,
C_dc,0.00118269230769231,GFM-MWT,0.135955250241623,2.00052611321579,0.135955250241623,0.135955250241623,12.5696762811865,2.00052611321579,-0.0108154971764282,0,1,
C_dc,0.00125,GFM-MWT,0.13603772185871,2.00052429270818,0.13603772185871,0.13603772185871,12.5696648425999,2.00052429270818,-0.0108220670284168,0,1,
C_dc,0.00131730769230769,GFM-MWT,0.136120242594667,2.00052246949474,0.136120242594667,0.136120242594667,12.569653387012,2.00052246949474,-0.0108286408126533,0,1,
C_dc,0.00138461538461538,GFM-MWT,0.136202812489947,2.00052064357216,0.136202812489947,0.136202812489947,12.569641914402,2.00052064357216,-0.0108352185324073,0,1,
C_dc,0.00145192307692308,GFM-MWT,0.136285431598082,2.00051881493424,0.136285431598082,0.136285431598082,12.5696304247312,2.00051881493424,-0.0108418001920048,0,1,
C_dc,0.00151923076923077,GFM-MWT,0.136368099950796,2.00051698357988,0.136368099950796,0.136368099950796,12.5696189179923,2.00051698357988,-0.0108483857940092,0,1,
C_dc,0.00158653846153846,GFM-MWT,0.136450817590697,2.00051514950242,0.136450817590697,0.136450817590697,12.5696073941438,2.00051514950242,-0.0108549753418802,0,1,
C_dc,0.00165384615384615,GFM-MWT,0.136533584558219,2.00051331269799,0.136533584558219,0.136533584558219,12.5695958531612,2.00051331269799,-0.0108615688388893,0,1,
C_dc,0.00172115384615385,GFM-MWT,0.136616400888365,2.00051147316403,0.136616400888365,0.136616400888365,12.5695842950284,2.00051147316403,-0.0108681662878693,0,1,
C_dc,0.00178846153846154,GFM-MWT,0.136699266644421,2.00050963089487,0.136699266644421,0.136699266644421,12.5695727197099,2.00050963089487,-0.0108747676939193,0,1,
C_dc,0.00185576923076923,GFM-MWT,0.136782181840007,2.00050778588639,0.136782181840007,0.136782181840007,12.5695611271797,2.00050778588639,-0.0108813730581797,0,1,
C_dc,0.00192307692307692,GFM-MWT,0.136865146528638,2.00050593813401,0.136865146528638,0.136865146528638,12.5695495174091,2.00050593813401,-0.0108879823849668,0,1,
C_dc,0.00199038461538462,GFM-MWT,0.136948160758235,2.00050408763424,0.136948160758235,0.136948160758235,12.5695378903762,2.00050408763424,-0.0108945956781463,0,1,
C_dc,0.00205769230769231,GFM-MWT,0.137031224561378,2.00050223438217,0.137031224561378,0.137031224561378,12.56952624605,2.00050223438217,-0.0109012129403711,0,1,
C_dc,0.002125,GFM-MWT,0.137114337980824,2.0005003783734,0.137114337980824,0.137114337980824,12.569514584403,2.0005003783734,-0.0109078341751014,0,1,
C_dc,0.00219230769230769,GFM-MWT,0.13719750105562,2.0004985196046,0.13719750105562,0.13719750105562,12.5695029054141,2.0004985196046,-0.010914459385496,0,1,
C_dc,0.00225961538461539,GFM-MWT,0.137280713842078,2.00049665807106,0.137280713842078,0.137280713842078,12.5694912090539,2.00049665807106,-0.010921088576095,0,1,
C_dc,0.00232692307692308,GFM-MWT,0.137363976370034,2.0004947937682,0.137363976370034,0.137363976370034,12.5694794952936,2.0004947937682,-0.0109277217493318,0,1,
C_dc,0.00239423076923077,GFM-MWT,0.137447288672539,2.00049292669173,0.137447288672539,0.137447288672539,12.5694677641062,2.00049292669173,-0.0109343589078942,0,1,
C_dc,0.00246153846153846,GFM-MWT,0.137530650814475,2.00049105683852,0.137530650814475,0.137530650814475,12.5694560154719,2.00049105683852,-0.0109410000569954,0,1,
C_dc,0.00252884615384615,GFM-MWT,0.137614062812626,2.00048918420091,0.137614062812626,0.137614062812626,12.5694442493428,2.00048918420091,-0.0109476451980477,0,1,
C_dc,0.00259615384615385,GFM-MWT,0.137697524729748,2.00048730877814,0.137697524729748,0.137697524729748,12.5694324657141,2.00048730877814,-0.0109542943360826,0,1,
C_dc,0.00266346153846154,GFM-MWT,0.137781036590378,2.00048543056483,0.137781036590378,0.137781036590378,12.5694206645517,2.00048543056483,-0.0109609474731171,0,1,
C_dc,0.00273076923076923,GFM-MWT,0.137864598451961,2.00048354955548,0.137864598451961,0.137864598451961,12.5694088458215,2.00048354955548,-0.0109676046137859,0,1,
C_dc,0.00279807692307692,GFM-MWT,0.137948210347045,2.0004816657467,0.137948210347045,0.137948210347045,12.5693970095018,2.0004816657467,-0.0109742657607327,0,1,
C_dc,0.00286538461538462,GFM-MWT,0.138031872322388,2.00047977913509,0.138031872322388,0.138031872322388,12.5693851555715,2.00047977913509,-0.0109809309177311,0,1,
C_dc,0.00293269230769231,GFM-MWT,0.138115584412464,2.00047788971423,0.138115584412464,0.138115584412464,12.56937328399,2.00047788971423,-0.0109876000875944,0,1,
C_dc,0.003,GFM-MWT,0.138199346660736,2.00047599748147,0.138199346660736,0.138199346660736,12.569361394741,2.00047599748147,-0.0109942732738301,0,1,
C_dc,0.000375,GFM-MWT+AD,-0.520530112210626,1.91627662820284,-0.520530112210626,-0.520530112210626,12.0403211548157,1.91627662820284,0.0431919002764486,1,1,
C_dc,0.000442307692307692,GFM-MWT+AD,-0.52065052833613,1.91624437206564,-0.52065052833613,-0.52065052833613,12.0401184835284,1.91624437206564,0.043202599229226,1,1,
C_dc,0.000509615384615385,GFM-MWT+AD,-0.520770991324386,1.91621209185289,-0.520770991324386,-0.520770991324386,12.0399156609699,1.91621209185289,0.043213302950645,1,1,
C_dc,0.000576923076923077,GFM-MWT+AD,-0.52089150090971,1.91617978752925,-0.52089150090971,-0.52089150090971,12.0397126869183,1.91617978752925,0.0432240114201172,1,1,
C_dc,0.000644230769230769,GFM-MWT+AD,-0.521012057374563,1.91614745912925,-0.521012057374563,-0.521012057374563,12.0395095615904,1.91614745912925,0.0432347246608819,1,1,
C_dc,0.000711538461538462,GFM-MWT+AD,-0.521132661225158,1.91611510642768,-0.521132661225158,-0.521132661225158,12.0393062835713,1.91611510642768,0.0432454427205635,1,1,
C_dc,0.000778846153846154,GFM-MWT+AD,-0.521253311288918,1.9160827296377,-0.521253311288918,-0.521253311288918,12.0391028542002,1.9160827296377,0.0432561654978639,1,1,
C_dc,0.000846153846153846,GFM-MWT+AD,-0.521374008287358,1.91605032861057,-0.521374008287358,-0.521374008287358,12.0388992725425,1.91605032861057,0.04326689305652,1,1,
C_dc,0.000913461538461539,GFM-MWT+AD,-0.521494752104286,1.91601790336319,-0.521494752104286,-0.521494752104286,12.0386955387046,1.91601790336319,0.043277625387153,1,1,
C_dc,0.000980769230769231,GFM-MWT+AD,-0.521615542926212,1.91598545373027,-0.521615542926212,-0.521615542926212,12.0384916516478,1.91598545373027,0.043288362509566,1,1,
C_dc,0.00104807692307692,GFM-MWT+AD,-0.521736380600293,1.91595297986535,-0.521736380600293,-0.521736380600293,12.0382876123369,1.91595297986535,0.043299104408265,1,1,
C_dc,0.00111538461538462,GFM-MWT+AD,-0.521857264974833,1.91592048171832,-0.521857264974833,-0.521857264974833,12.038083420457,1.91592048171832,0.0433098510724425,1,1,
C_dc,0.00118269230769231,GFM-MWT+AD,-0.521978195932202,1.91588795918796,-0.521978195932202,-0.521978195932202,12.0378790753721,1.91588795918796,0.0433206024952665,1,1,
C_dc,0.00125,GFM-MWT+AD,-0.522099173514967,1.91585541231444,-0.522099173514967,-0.522099173514967,12.0376745773346,1.91585541231444,0.0433313586799867,1,1,
C_dc,0.00131730769230769,GFM-MWT+AD,-0.522220197679408,1.91582284107704,-0.522220197679408,-0.522220197679408,12.0374699262143,1.91582284107704,0.0433421196240785,1,1,
C_dc,0.00138461538461538,GFM-MWT+AD,-0.522341268375473,1.91579024541843,-0.522341268375473,-0.522341268375473,12.0372651216511,1.91579024541843,0.0433528853253207,1,1,
C_dc,0.00145192307692308,GFM-MWT+AD,-0.522462386601346,1.91575762528465,-0.522462386601346,-0.522462386601346,12.0370601633057,1.91575762528465,0.0433636558682564,1,1,
C_dc,0.00151923076923077,GFM-MWT+AD,-0.522583550708302,1.91572498071913,-0.522583550708302,-0.522583550708302,12.0368550514513,1.91572498071913,0.0433744311159537,1,1,
C_dc,0.00158653846153846,GFM-MWT+AD,-0.522704761638104,1.9156923116948,-0.522704761638104,-0.522704761638104,12.0366497859176,1.9156923116948,0.0433852111476752,1,1,
C_dc,0.00165384615384615,GFM-MWT+AD,-0.522826019267945,1.91565961816845,-0.522826019267945,-0.522826019267945,12.0364443664333,1.91565961816845,0.0433959959548579,1,1,
C_dc,0.00172115384615385,GFM-MWT+AD,-0.522947323163908,1.91562690004408,-0.522947323163908,-0.522947323163908,12.0362387923949,1.91562690004408,0.0434067855043597,1,1,
C_dc,0.00178846153846154,GFM-MWT+AD,-0.523068673874596,1.9155941574022,-0.523068673874596,-0.523068673874596,12.0360330643085,1.9155941574022,0.0434175798404457,1,1,
C_dc,0.00185576923076923,GFM-MWT+AD,-0.523190071335424,1.91556139008975,-0.523190071335424,-0.523190071335424,12.0358271812124,1.91556139008975,0.043428378961865,1,1,
C_dc,0.00192307692307692,GFM-MWT+AD,-0.523311514958789,1.91552859824558,-0.523311514958789,-0.523311514958789,12.0356211439789,1.91552859824558,0.043439182817431,1,1,
C_dc,0.00199038461538462,GFM-MWT+AD,-0.523433005295861,1.91549578176694,-0.523433005295861,-0.523433005295861,12.0354149519625,1.91549578176694,0.0434499914557708,1,1,
C_dc,0.00205769230769231,GFM-MWT+AD,-0.5235545419781,1.91546294062344,-0.5235545419781,-0.5235545419781,12.0352086049722,1.91546294062344,0.0434608048476773,1,1,
C_dc,0.002125,GFM-MWT+AD,-0.523676125278338,1.9154300748013,-0.523676125278338,-0.523676125278338,12.0350021029214,1.9154300748013,0.0434716230167072,1,1,
C_dc,0.00219230769230769,GFM-MWT+AD,-0.5237977547709,1.91539718425509,-0.5237977547709,-0.5237977547709,12.0347954455247,1.91539718425509,0.0434824459292606,1,1,
C_dc,0.00225961538461539,GFM-MWT+AD,-0.523919430806403,1.91536426901433,-0.523919430806403,-0.523919430806403,12.0345886329676,1.91536426901433,0.0434932736143602,1,1,
C_dc,0.00232692307692308,GFM-MWT+AD,-0.524041153509267,1.91533132894098,-0.524041153509267,-0.524041153509267,12.0343816643827,1.91533132894098,0.0435041060860863,1,1,
C_dc,0.00239423076923077,GFM-MWT+AD,-0.524162922104062,1.91529836416297,-0.524162922104062,-0.524162922104062,12.0341745405739,1.91529836416297,0.0435149432779302,1,1,
C_dc,0.00246153846153846,GFM-MWT+AD,-0.524284737206634,1.91526537452379,-0.524284737206634,-0.524284737206634,12.0339672605577,1.91526537452379,0.0435257852451121,1,1,
C_dc,0.00252884615384615,GFM-MWT+AD,-0.524406599064423,1.91523236007897,-0.524406599064423,-0.524406599064423,12.0337598246831,1.91523236007897,0.0435366320075214,1,1,
C_dc,0.00259615384615385,GFM-MWT+AD,-0.524528507018083,1.91519932076236,-0.524528507018083,-0.524528507018083,12.0335522325344,1.91519932076236,0.0435474835126689,1,1,
C_dc,0.00266346153846154,GFM-MWT+AD,-0.524650461040833,1.91516625656486,-0.524650461040833,-0.524650461040833,12.0333444840545,1.91516625656486,0.0435583397591868,1,1,
C_dc,0.00273076923076923,GFM-MWT+AD,-0.524772461518007,1.91513316751508,-0.524772461518007,-0.524772461518007,12.0331365794231,1.91513316751508,0.0435692007790023,1,1,
C_dc,0.00279807692307692,GFM-MWT+AD,-0.524894508605629,1.9151000534421,-0.524894508605629,-0.524894508605629,12.0329285175662,1.9151000534421,0.0435800665895741,1,1,
C_dc,0.00286538461538462,GFM-MWT+AD,-0.525016601378808,1.91506691446278,-0.525016601378808,-0.525016601378808,12.0327202992183,1.91506691446278,0.0435909371122522,1,1,
C_dc,0.00293269230769231,GFM-MWT+AD,-0.525138740440109,1.91503375054263,-0.525138740440109,-0.525138740440109,12.0325119241625,1.91503375054263,0.0436018123984014,1,1,
C_dc,0.003,GFM-MWT+AD,-0.52526092573545,1.91500056153132,-0.52526092573545,-0.52526092573545,12.0323033914543,1.91500056153132,0.0436126924476057,1,1,
