Polarity,BandwidthHz,Kp,Ki,MaxReal,DominantFrequencyHz,TorsionSigma,TorsionFrequencyHz,TorsionDampingRatio
1,0.001,0.263893782901543,0.00118435252813072,-0.00440046838025288,0.000714519611916185,-0.153034085170463,1.99727355273463,0.0121937830095251
1,0.00120679264063933,0.318465075116054,0.00172483000116793,-0.00531101293241811,0.000862370703509572,-0.153034085170464,1.99727355273463,0.0121937830095252
1,0.00145634847750124,0.384321308950705,0.00251195354614938,-0.00641010705498088,0.00104083888462631,-0.153034085170466,1.99727355273463,0.0121937830095254
1,0.00175751062485479,0.463796127282585,0.0036582797224885,-0.00773685583890916,0.00125627482273854,-0.153034085170465,1.99727355273462,0.0121937830095254
1,0.00212095088792019,0.559705753161645,0.0053277301041198,-0.00933851158473175,0.00151635117370304,-0.153034085170468,1.99727355273462,0.0121937830095256
1,0.00255954792269954,0.675448783838966,0.00775903162567241,-0.0101322327970358,0,-0.153034085170466,1.99727355273463,0.0121937830095254
1,0.00308884359647748,0.815126621465649,0.011299853894932,-0.010132232797039,0,-0.153034085170462,1.99727355273463,0.0121937830095251
1,0.00372759372031494,0.983688807973944,0.0164565250158707,-0.0101322327970413,0,-0.15303408517046,1.99727355273463,0.0121937830095249
1,0.00449843266896944,1.18710841414223,0.0239664351518245,-0.0101322327970673,0,-0.153034085170465,1.99727355273463,0.0121937830095254
1,0.00542867543932386,1.43259369782787,0.0349034813444919,-0.0101322327970581,0,-0.153034085170465,1.99727355273463,0.0121937830095253
1,0.00655128556859551,1.72884353156495,0.0508316319155438,-0.0101322327970925,0,-0.153034085170466,1.99727355273463,0.0121937830095254
1,0.0079060432109077,2.08635565070949,0.0740285697491059,-0.0101322327970775,0,-0.153034085170463,1.99727355273463,0.0121937830095252
1,0.00954095476349994,2.51779864503249,0.107811394845705,-0.0101322327970676,0,-0.153034085170466,1.99727355273463,0.0121937830095254
1,0.0115139539932645,3.03846087543688,0.157010960740828,-0.0101322327970614,0,-0.153034085170463,1.99727355273463,0.0121937830095251
1,0.0138949549437314,3.66679222334776,0.228662673625912,-0.0101322327970552,0,-0.153034085170505,1.99727355273463,0.0121937830095285
1,0.0167683293681101,4.4250578698896,0.333012536596461,-0.0101322327970504,0,-0.153034085170504,1.99727355273462,0.0121937830095284
1,0.0202358964772516,5.34012727178592,0.484982300661083,-0.0101322327970471,0,-0.153034085170505,1.99727355273462,0.0121937830095285
1,0.0244205309454865,6.44442629166862,0.706303235182819,-0.0101322327970449,0,-0.153034085170503,1.99727355273462,0.0121937830095284
1,0.0294705170255181,7.77708622192829,1.0286236412127,-0.0101322327970648,0,-0.153034085170461,1.99727355273462,0.0121937830095251
1,0.0355648030622313,9.38533041824058,1.4980344738019,-0.0101322327969891,0,-0.153034085170479,1.99727355273463,0.0121937830095264
1,0.0429193426012878,11.3261476787012,2.18166022516578,-0.0101322327969891,0,-0.153034085170479,1.99727355273463,0.0121937830095264
1,0.0517947467923121,13.6683116654508,3.1772575473452,-0.0101322327969891,0,-0.153034085170479,1.99727355273463,0.0121937830095264
1,0.0625055192527397,16.4948179278307,4.62719419170552,-0.0101322327969891,0,-0.153034085170479,1.99727355273463,0.0121937830095264
1,0.0754312006335462,19.9058248839917,6.73880721619294,-0.0101322327970424,0,-0.15303408517044,1.99727355273463,0.0121937830095233
1,0.0910298177991522,24.0222029758564,9.81405162947698,-0.0101322327970424,0,-0.15303408517044,1.99727355273463,0.0121937830095233
1,0.109854114198756,28.9898177632077,14.2926791487074,-0.0101322327970506,0,-0.153034085170421,1.99727355273462,0.0121937830095218
1,0.132571136559011,34.9846987301144,20.8151215176338,-0.0101322327970506,0,-0.153034085170421,1.99727355273462,0.0121937830095218
1,0.159985871960606,42.2192769624861,30.3140705312093,-0.0101322327970506,0,-0.153034085170421,1.99727355273462,0.0121937830095218
1,0.193069772888325,50.9499127314418,44.147850464992,0.0596194085749232,0.611352603979121,-0.153034085170421,1.99727355273462,0.0121937830095218
1,0.232995181051537,61.48597972552,64.2946548096438,0.265906053347478,0.614950906669845,-0.15303408517045,1.99727355273463,0.0121937830095241
1,0.281176869797423,74.2008278352565,93.6354226434927,0.504749453174515,0.623195572652879,-0.15303408517045,1.99727355273463,0.0121937830095241
1,0.339322177189533,89.5450129609334,136.365805207036,0.769841869690187,0.637110477088526,-0.15303408517045,1.99727355273463,0.0121937830095241
1,0.409491506238042,108.062262647208,198.596132796498,1.05471623352769,0.656898674145116,-0.153034085170423,1.99727355273462,0.012193783009522
1,0.494171336132383,130.408743293484,289.225175635815,1.35587342131613,0.682286121815771,-0.153034085170423,1.99727355273462,0.012193783009522
1,0.596362331659464,157.3763116816,421.212644192249,1.67290140806469,0.712948875827649,-0.153034085170484,1.99727355273463,0.0121937830095269
1,0.719685673001152,189.920574748317,613.432393073655,2.00735534735893,0.748707752029527,-0.153034085170484,1.99727355273463,0.0121937830095269
1,0.868511373751353,229.19475191226,893.371331702763,2.36182974026102,0.789557193739886,-0.153034085170484,1.99727355273463,0.0121937830095269
1,1.04811313415469,276.590539880872,1301.05997876857,2.73946100529516,0.835639568397097,-0.153034085170471,1.99727355273463,0.0121937830095258
1,1.2648552168553,333.787427998695,1894.79671921742,3.14371336862278,0.887214597311175,-0.153034085170471,1.99727355273463,0.0121937830095258
1,1.52641796717523,402.812211646755,2759.48431720664,3.57830824869526,0.944636674966809,-0.153034085170471,1.99727355273463,0.0121937830095258
1,1.84206996932672,486.110812574956,4018.77078405245,4.04721968399117,1.0083405831185,-0.153034085170429,1.99727355273462,0.0121937830095225
1,2.2229964825262,586.634951150661,5852.73071278126,4.55469921472283,1.07883352923716,-0.153034085170429,1.99727355273462,0.0121937830095225
1,2.68269579527972,707.946741790429,8523.61546278374,5.10531470103246,1.15669145435251,-0.153034085170429,1.99727355273462,0.0121937830095225
1,3.23745754281764,854.344917957281,12413.3544020312,5.70399536174396,1.24255831633588,-0.153034085170531,1.99727355273464,0.0121937830095305
1,3.90693993705462,1031.01715955846,18078.1697840815,6.35608176126464,1.33714724165945,-0.153034085170531,1.99727355273464,0.0121937830095305
1,4.71486636345739,1244.22392052801,26328.115041056,7.06737871066416,1.44124311554199,-0.153034085170531,1.99727355273464,0.0121937830095305
1,5.6898660290183,1501.52027060062,38342.9102555196,7.8442126016912,1.55570601270198,-0.153034085170531,1.99727355273464,0.0121937830095305
1,6.866488450043,1812.0236123316,55840.6389735927,8.69349270839024,1.68147530727726,-0.153034085170504,1.99727355273462,0.0121937830095285
1,8.28642772854684,2186.73676002646,81323.4295518883,9.62277747578561,1.81957419873085,-0.153034085170504,1.99727355273462,0.0121937830095285
1,10,2638.93782901543,118435.252813072,10.640346727903,1.9711144326048,-0.153034085170467,1.99727355273463,0.0121937830095255
-1,0.001,-0.263893782901543,-0.00118435252813072,0.0120542642612863,0,-0.153034085170463,1.99727355273463,0.0121937830095252
-1,0.00120679264063933,-0.318465075116054,-0.00172483000116793,0.014543597340131,0,-0.153034085170465,1.99727355273462,0.0121937830095253
-1,0.00145634847750124,-0.384321308950705,-0.00251195354614938,0.0175461434393815,0,-0.153034085170466,1.99727355273463,0.0121937830095254
-1,0.00175751062485479,-0.463796127282585,-0.0036582797224885,0.0211673215781136,0,-0.153034085170467,1.99727355273462,0.0121937830095255
-1,0.00212095088792019,-0.559705753161645,-0.0053277301041198,0.0255339949629367,0,-0.153034085170463,1.99727355273462,0.0121937830095252
-1,0.00255954792269954,-0.675448783838966,-0.00775903162567241,0.0307988019552884,0,-0.15303408517046,1.99727355273463,0.0121937830095249
-1,0.00308884359647748,-0.815126621465649,-0.011299853894932,0.0371452145895171,0,-0.153034085170462,1.99727355273463,0.012193783009525
-1,0.00372759372031494,-0.983688807973944,-0.0164565250158707,0.0447935960840674,0,-0.153034085170463,1.99727355273463,0.0121937830095252
-1,0.00449843266896944,-1.18710841414223,-0.0239664351518245,0.0540083268519813,0,-0.153034085170465,1.99727355273463,0.0121937830095253
-1,0.00542867543932386,-1.43259369782787,-0.0349034813444919,0.065106179375875,0,-0.153034085170463,1.99727355273463,0.0121937830095251
-1,0.00655128556859551,-1.72884353156495,-0.0508316319155438,0.0784660847672258,0,-0.153034085170467,1.99727355273463,0.0121937830095255
-1,0.0079060432109077,-2.08635565070949,-0.0740285697491059,0.0945402839011709,0,-0.153034085170465,1.99727355273463,0.0121937830095254
-1,0.00954095476349994,-2.51779864503249,-0.107811394845705,0.113867216058587,0,-0.153034085170465,1.99727355273463,0.0121937830095253
-1,0.0115139539932645,-3.03846087543688,-0.157010960740828,0.137085688469465,0,-0.153034085170463,1.99727355273463,0.0121937830095252
-1,0.0138949549437314,-3.66679222334776,-0.228662673625912,0.164950303789442,0,-0.153034085170505,1.99727355273463,0.0121937830095286
-1,0.0167683293681101,-4.4250578698896,-0.333012536596461,0.198347564432477,0,-0.153034085170504,1.99727355273462,0.0121937830095285
-1,0.0202358964772516,-5.34012727178592,-0.484982300661083,0.238311654923782,0,-0.153034085170505,1.99727355273462,0.0121937830095285
-1,0.0244205309454865,-6.44442629166862,-0.706303235182819,0.286037689971826,0,-0.153034085170509,1.99727355273462,0.0121937830095289
-1,0.0294705170255181,-7.77708622192829,-1.0286236412127,0.342890845562334,0,-0.153034085170461,1.99727355273462,0.0121937830095251
-1,0.0355648030622313,-9.38533041824058,-1.4980344738019,0.410406348858122,0,-0.153034085170479,1.99727355273463,0.0121937830095264
-1,0.0429193426012878,-11.3261476787012,-2.18166022516578,0.490277920444144,0,-0.153034085170479,1.99727355273463,0.0121937830095264
-1,0.0517947467923121,-13.6683116654508,-3.1772575473452,0.584325701353896,0,-0.153034085170479,1.99727355273463,0.0121937830095264
-1,0.0625055192527397,-16.4948179278307,-4.62719419170552,0.694446121058656,0,-0.153034085170479,1.99727355273463,0.0121937830095264
-1,0.0754312006335462,-19.9058248839917,-6.73880721619294,0.822536705633803,0,-0.15303408517044,1.99727355273463,0.0121937830095233
-1,0.0910298177991522,-24.0222029758564,-9.81405162947698,0.97040661610074,0,-0.15303408517044,1.99727355273463,0.0121937830095233
-1,0.109854114198756,-28.9898177632077,-14.2926791487074,1.13968474386207,0,-0.153034085170421,1.99727355273462,0.0121937830095218
-1,0.132571136559011,-34.9846987301144,-20.8151215176338,1.33174887510705,0,-0.153034085170421,1.99727355273462,0.0121937830095218
-1,0.159985871960606,-42.2192769624861,-30.3140705312093,1.54769758575175,0,-0.153034085170421,1.99727355273462,0.0121937830095218
-1,0.193069772888325,-50.9499127314418,-44.147850464992,1.78838017729828,0,-0.153034085170421,1.99727355273462,0.0121937830095218
-1,0.232995181051537,-61.48597972552,-64.2946548096438,2.05448364607506,0,-0.15303408517045,1.99727355273463,0.0121937830095241
-1,0.281176869797423,-74.2008278352565,-93.6354226434927,2.34665756526845,0,-0.15303408517045,1.99727355273463,0.0121937830095241
-1,0.339322177189533,-89.5450129609334,-136.365805207036,2.66565070089487,0,-0.15303408517045,1.99727355273463,0.0121937830095241
-1,0.409491506238042,-108.062262647208,-198.596132796498,3.01243537629255,0,-0.153034085170423,1.99727355273462,0.012193783009522
-1,0.494171336132383,-130.408743293484,-289.225175635815,3.38830370103778,0,-0.153034085170423,1.99727355273462,0.012193783009522
-1,0.596362331659464,-157.3763116816,-421.212644192249,3.79493465952076,0,-0.153034085170484,1.99727355273463,0.0121937830095269
-1,0.719685673001152,-189.920574748317,-613.432393073655,4.23443460664491,0,-0.153034085170484,1.99727355273463,0.0121937830095269
-1,0.868511373751353,-229.19475191226,-893.371331702763,4.70936042677579,0,-0.153034085170484,1.99727355273463,0.0121937830095269
-1,1.04811313415469,-276.590539880872,-1301.05997876857,5.22273329255115,0,-0.153034085170471,1.99727355273463,0.0121937830095258
-1,1.2648552168553,-333.787427998695,-1894.79671921742,5.77804878814876,0,-0.153034085170471,1.99727355273463,0.0121937830095258
-1,1.52641796717523,-402.812211646755,-2759.48431720664,6.3792881884492,0,-0.153034085170471,1.99727355273463,0.0121937830095258
-1,1.84206996932672,-486.110812574956,-4018.77078405245,7.03093293803455,0,-0.153034085170429,1.99727355273462,0.0121937830095225
-1,2.2229964825262,-586.634951150661,-5852.73071278126,7.73798362508437,0,-0.153034085170429,1.99727355273462,0.0121937830095225
-1,2.68269579527972,-707.946741790429,-8523.61546278374,8.50598467417947,0,-0.153034085170429,1.99727355273462,0.0121937830095225
-1,3.23745754281764,-854.344917957281,-12413.3544020312,9.34105355071584,0,-0.153034085170531,1.99727355273464,0.0121937830095305
-1,3.90693993705462,-1031.01715955846,-18078.1697840815,10.2499156519299,0,-0.153034085170531,1.99727355273464,0.0121937830095305
-1,4.71486636345739,-1244.22392052801,-26328.115041056,11.2399436678237,0,-0.153034085170531,1.99727355273464,0.0121937830095305
-1,5.6898660290183,-1501.52027060062,-38342.9102555196,12.3192018549591,0,-0.153034085170531,1.99727355273464,0.0121937830095305
-1,6.866488450043,-1812.0236123316,-55840.6389735927,13.4964943821214,0,-0.153034085170504,1.99727355273462,0.0121937830095285
-1,8.28642772854684,-2186.73676002646,-81323.4295518883,14.7814177165991,0,-0.153034085170504,1.99727355273462,0.0121937830095285
-1,10,-2638.93782901543,-118435.252813072,16.1844163319028,0,-0.153034085170467,1.99727355273463,0.0121937830095255
