Factor,Sweep,Value,DeltaDampingRatio,DeltaSigma,DeltaMaxReal
DVC type effect (Type a to Type c),SCR,1.25,NaN,NaN,NaN
DVC type effect (Type a to Type c),SCR,1.34980103398349,NaN,NaN,NaN
DVC type effect (Type a to Type c),SCR,1.45757026507431,NaN,NaN,NaN
DVC type effect (Type a to Type c),SCR,1.57394388072072,NaN,NaN,NaN
DVC type effect (Type a to Type c),SCR,1.69960886210304,NaN,NaN,NaN
DVC type effect (Type a to Type c),SCR,1.83530703954735,NaN,NaN,NaN
DVC type effect (Type a to Type c),SCR,1.98183947172655,1.32305250169669e-05,-0.00016649055544693,-0.00016649055544693
DVC type effect (Type a to Type c),SCR,2.14007117450063,1.55055862424477e-05,-0.000195086136136335,-0.000195086136136335
DVC type effect (Type a to Type c),SCR,2.31093622731136,1.75408949197528e-05,-0.000220671899533009,-0.000220671899533009
DVC type effect (Type a to Type c),SCR,2.49544328727582,1.95028121137055e-05,-0.0002453377550522,-0.0002453377550522
DVC type effect (Type a to Type c),SCR,2.69468154352965,2.14549494730546e-05,-0.000269883005683536,-0.000269883005683536
DVC type effect (Type a to Type c),SCR,2.90982714697003,2.3430477788482e-05,-0.000294724625515608,-0.000294724625515608
DVC type effect (Type a to Type c),SCR,3.1421501533547,2.54497484619455e-05,-0.000320118607271408,-0.000320118607271408
DVC type effect (Type a to Type c),SCR,3.39302202074363,2.75266064040745e-05,-0.000346239267754456,-0.000346239267754456
DVC type effect (Type a to Type c),SCR,3.6639237055428,2.96710472936033e-05,-0.000373212627602149,-0.000373212627602149
DVC type effect (Type a to Type c),SCR,3.95645440494263,3.18905355861845e-05,-0.000401132971466933,-0.000401132971466933
DVC type effect (Type a to Type c),SCR,4.27234099736006,3.41907090089417e-05,-0.000430071702687718,-0.000430071702687718
DVC type effect (Type a to Type c),SCR,4.61344823661333,3.65756777142064e-05,-0.000460081096398057,-0.000460081096398057
DVC type effect (Type a to Type c),SCR,4.98178976000797,3.90483941008733e-05,-0.000491198960062667,-0.000491198960062667
DVC type effect (Type a to Type c),SCR,5.37953997531769,4.16105817833152e-05,-0.000523447725813364,-0.000523447725813364
DVC type effect (Type a to Type c),SCR,5.80904689683146,4.42629088305956e-05,-0.000556836631713686,-0.000556836631713686
DVC type effect (Type a to Type c),SCR,6.27284600624134,4.70049983001403e-05,-0.00059136184855646,-0.00059136184855646
DVC type effect (Type a to Type c),SCR,6.773675220195,4.98354256072524e-05,-0.000627006436589861,-0.000627006436589861
DVC type effect (Type a to Type c),SCR,7.31449105287003,5.27517138833675e-05,-0.000663740275359204,-0.000663740275359204
DVC type effect (Type a to Type c),SCR,7.89848606898155,5.57504120137272e-05,-0.000701521033536379,-0.000701521033536379
DVC type effect (Type a to Type c),SCR,8.52910773025237,5.88270407969119e-05,-0.000740293470134268,-0.000740293470134268
DVC type effect (Type a to Type c),SCR,9.21007874660097,6.19762272017384e-05,-0.000779991109926104,-0.000779991109926104
DVC type effect (Type a to Type c),SCR,9.94541905218506,6.51915962984403e-05,-0.000820534848770205,-0.000820534848770205
DVC type effect (Type a to Type c),SCR,10.7394695360308,6.84660071605253e-05,-0.000861835907919856,-0.000861835907919856
DVC type effect (Type a to Type c),SCR,11.5969176673348,7.17914144687665e-05,-0.000903794048189299,-0.000903794048189299
DVC type effect (Type a to Type c),SCR,12.5228251667119,7.515932411295e-05,-0.000946303305594642,-0.000946303305594642
DVC type effect (Type a to Type c),SCR,13.5226578867378,7.85602492652804e-05,-0.000989245057394395,-0.000989245057394395
DVC type effect (Type a to Type c),SCR,14.6023180781789,8.19846427277324e-05,-0.00103249981123799,-0.00103249981123799
DVC type effect (Type a to Type c),SCR,15.7681792323853,8.5422538304656e-05,-0.00107594261209104,-0.00107594261209104
DVC type effect (Type a to Type c),SCR,17.0271237055285,8.88635388600623e-05,-0.0011194428568217,-0.0011194428568217
DVC type effect (Type a to Type c),SCR,18.3865833467897,9.22973710310582e-05,-0.00116287131193316,-0.00116287131193316
DVC type effect (Type a to Type c),SCR,19.8545833703362,9.57135580731371e-05,-0.00120609592230342,-0.00120609592230342
DVC type effect (Type a to Type c),SCR,21.439789730073,9.9102288991567e-05,-0.00124899283245472,-0.00124899283245472
DVC type effect (Type a to Type c),SCR,23.1515602768328,0.000102453764377494,-0.00129143806966958,-0.00129143806966958
DVC type effect (Type a to Type c),SCR,25,0.000105758103685506,-0.00133330633853901,-0.00133330633853901
APCAD damping effect after Type c,SCR,1.25,NaN,NaN,NaN
APCAD damping effect after Type c,SCR,1.34980103398349,NaN,NaN,NaN
APCAD damping effect after Type c,SCR,1.45757026507431,NaN,NaN,NaN
APCAD damping effect after Type c,SCR,1.57394388072072,NaN,NaN,NaN
APCAD damping effect after Type c,SCR,1.69960886210304,NaN,NaN,NaN
APCAD damping effect after Type c,SCR,1.83530703954735,NaN,NaN,NaN
APCAD damping effect after Type c,SCR,1.98183947172655,0.00774471607469997,-0.0976280852215616,-0.0976280852215616
APCAD damping effect after Type c,SCR,2.14007117450063,0.00927110830612349,-0.11672389452706,-0.11672389452706
APCAD damping effect after Type c,SCR,2.31093622731136,0.0106382941259933,-0.133797440798706,-0.133797440798706
APCAD damping effect after Type c,SCR,2.49544328727582,0.0119596020992403,-0.150269167382919,-0.150269167382919
APCAD damping effect after Type c,SCR,2.69468154352965,0.013278308877678,-0.166678927017733,-0.166678927017733
APCAD damping effect after Type c,SCR,2.90982714697003,0.014616829649476,-0.183303858318612,-0.183303858318612
APCAD damping effect after Type c,SCR,3.1421501533547,0.0159886427885686,-0.200308155592868,-0.200308155592868
APCAD damping effect after Type c,SCR,3.39302202074363,0.0174024302758317,-0.21779505254282,-0.21779505254282
APCAD damping effect after Type c,SCR,3.6639237055428,0.0188637673871887,-0.235828029817132,-0.235828029817132
APCAD damping effect after Type c,SCR,3.95645440494263,0.0203758288766066,-0.254439693086277,-0.254439693086277
APCAD damping effect after Type c,SCR,4.27234099736006,0.021939624288118,-0.273634780221246,-0.273634780221246
APCAD damping effect after Type c,SCR,4.61344823661333,0.0235539690475193,-0.293389919008698,-0.293389919008698
APCAD damping effect after Type c,SCR,4.98178976000797,0.025215290447997,-0.313651412953985,-0.313651412953985
APCAD damping effect after Type c,SCR,5.37953997531769,0.0269173285684456,-0.334331849156053,-0.334331849156053
APCAD damping effect after Type c,SCR,5.80904689683146,0.0286507880988915,-0.355306274316044,-0.355306274316044
APCAD damping effect after Type c,SCR,6.27284600624134,0.0304030112508797,-0.376408857767423,-0.376408857767423
APCAD damping effect after Type c,SCR,6.773675220195,0.0321577717883988,-0.397431310379632,-0.383005994941045
APCAD damping effect after Type c,SCR,7.31449105287003,0.033895318420797,-0.418124632278726,-0.38689931797783
APCAD damping effect after Type c,SCR,7.89848606898155,0.0355928145459723,-0.438205912811311,-0.390937112678951
APCAD damping effect after Type c,SCR,8.52910773025237,0.0372252936196576,-0.457371456166157,-0.395109657767346
APCAD damping effect after Type c,SCR,9.21007874660097,0.0387671568173603,-0.475316259946272,-0.399406427697552
APCAD damping effect after Type c,SCR,9.94541905218506,0.0401940811154734,-0.491757880837516,-0.403816034710675
APCAD damping effect after Type c,SCR,10.7394695360308,0.0414850299373162,-0.506460642835257,-0.408326240832437
APCAD damping effect after Type c,SCR,11.5969176673348,0.04262395583555,-0.519255103955861,-0.412923989543854
APCAD damping effect after Type c,SCR,12.5228251667119,0.043600830596282,-0.530048546651959,-0.417595494694607
APCAD damping effect after Type c,SCR,13.5226578867378,0.0444118342407071,-0.538824872041685,-0.422326333499884
APCAD damping effect after Type c,SCR,14.6023180781789,0.0450587779337423,-0.545635300797731,-0.42710158272942
APCAD damping effect after Type c,SCR,15.7681792323853,0.0455480207164585,-0.550583412995469,-0.431905972416929
APCAD damping effect after Type c,SCR,17.0271237055285,0.0458891885353898,-0.553808439307718,-0.436724048566834
APCAD damping effect after Type c,SCR,18.3865833467897,0.0460939501069115,-0.555469871564433,-0.441540346900119
APCAD damping effect after Type c,SCR,19.8545833703362,0.046174998592336,-0.555735063886229,-0.446339561294214
APCAD damping effect after Type c,SCR,21.439789730073,0.0461452909131977,-0.554770286566689,-0.451106726546266
APCAD damping effect after Type c,SCR,23.1515602768328,0.0460175292556321,-0.552734894373864,-0.455827379994824
APCAD damping effect after Type c,SCR,25,0.0458038423801967,-0.549777989386813,-0.460487715382721
DVC type effect (Type a to Type c),XR,1,4.75260995117383e-05,-0.000595502803735881,-0.000595502803735881
DVC type effect (Type a to Type c),XR,1.48717948717949,4.53057125143503e-05,-0.000568682929481867,-0.000568682929481867
DVC type effect (Type a to Type c),XR,1.97435897435897,4.35562878414938e-05,-0.000547190644984874,-0.000547190644984874
DVC type effect (Type a to Type c),XR,2.46153846153846,4.22763455337222e-05,-0.000531363761108294,-0.000531363761108294
DVC type effect (Type a to Type c),XR,2.94871794871795,4.13294468966808e-05,-0.000519615549237962,-0.000519615549237962
DVC type effect (Type a to Type c),XR,3.43589743589744,4.06103278076716e-05,-0.000510675167495256,-0.000510675167495256
DVC type effect (Type a to Type c),XR,3.92307692307692,4.00494639423519e-05,-0.000503692775399883,-0.000503692775399883
DVC type effect (Type a to Type c),XR,4.41025641025641,3.96015634964303e-05,-0.000498111302781101,-0.000498111302781101
DVC type effect (Type a to Type c),XR,4.8974358974359,3.92364456504087e-05,-0.000493558124282645,-0.000493558124282645
DVC type effect (Type a to Type c),XR,5.38461538461539,3.89335651648694e-05,-0.000489778957934117,-0.000489778957934117
DVC type effect (Type a to Type c),XR,5.87179487179487,3.86785132096557e-05,-0.000486595149403413,-0.000486595149403413
DVC type effect (Type a to Type c),XR,6.35897435897436,3.84609537731877e-05,-0.000483878375358238,-0.000483878375358238
DVC type effect (Type a to Type c),XR,6.84615384615385,3.82732829924213e-05,-0.00048153413131799,-0.00048153413131799
DVC type effect (Type a to Type c),XR,7.33333333333333,3.81097427577162e-05,-0.00047949078279319,-0.00047949078279319
DVC type effect (Type a to Type c),XR,7.82051282051282,3.796610422095e-05,-0.000477695716523119,-0.000477695716523119
DVC type effect (Type a to Type c),XR,8.30769230769231,3.7838880966725e-05,-0.000476105490396506,-0.000476105490396506
DVC type effect (Type a to Type c),XR,8.7948717948718,3.77254725818701e-05,-0.000474687713715727,-0.000474687713715727
DVC type effect (Type a to Type c),XR,9.28205128205128,3.76237571820155e-05,-0.000473415935515087,-0.000473415935515087
DVC type effect (Type a to Type c),XR,9.76923076923077,3.75320131058288e-05,-0.000472268685303923,-0.000472268685303923
DVC type effect (Type a to Type c),XR,10.2564102564103,3.74488414980577e-05,-0.000471228513104827,-0.000471228513104827
DVC type effect (Type a to Type c),XR,10.7435897435897,3.73731224770635e-05,-0.000470281450253296,-0.000470281450253296
DVC type effect (Type a to Type c),XR,11.2307692307692,3.73038936980399e-05,-0.000469415485629066,-0.000469415485629066
DVC type effect (Type a to Type c),XR,11.7179487179487,3.72403216606244e-05,-0.000468620208535109,-0.000468620208535109
DVC type effect (Type a to Type c),XR,12.2051282051282,3.71818234222322e-05,-0.000467888355430324,-0.000467888355430324
DVC type effect (Type a to Type c),XR,12.6923076923077,3.71277457578856e-05,-0.000467211755420305,-0.000467211755420305
DVC type effect (Type a to Type c),XR,13.1794871794872,3.70776342308466e-05,-0.000466584738926579,-0.000466584738926579
DVC type effect (Type a to Type c),XR,13.6666666666667,3.70310918281439e-05,-0.000466002350024752,-0.000466002350024752
DVC type effect (Type a to Type c),XR,14.1538461538462,3.6987680418675e-05,-0.000465459103274224,-0.000465459103274224
DVC type effect (Type a to Type c),XR,14.6410256410256,3.6947161514745e-05,-0.000464952030580168,-0.000464952030580168
DVC type effect (Type a to Type c),XR,15.1282051282051,3.69092300176004e-05,-0.000464477315294476,-0.000464477315294476
DVC type effect (Type a to Type c),XR,15.6153846153846,3.68736548318205e-05,-0.000464032070143172,-0.000464032070143172
DVC type effect (Type a to Type c),XR,16.1025641025641,3.68402314695239e-05,-0.000463613740553259,-0.000463613740553259
DVC type effect (Type a to Type c),XR,16.5897435897436,3.68087410835046e-05,-0.000463219587043762,-0.000463219587043762
DVC type effect (Type a to Type c),XR,17.0769230769231,3.67790405398829e-05,-0.00046284782311079,-0.00046284782311079
DVC type effect (Type a to Type c),XR,17.5641025641026,3.67509880904275e-05,-0.000462496677712254,-0.000462496677712254
DVC type effect (Type a to Type c),XR,18.0512820512821,3.67244422200767e-05,-0.00046216438017721,-0.00046216438017721
DVC type effect (Type a to Type c),XR,18.5384615384615,3.66992610784673e-05,-0.00046184915344849,-0.00046184915344849
DVC type effect (Type a to Type c),XR,19.025641025641,3.6675399352426e-05,-0.000461550439747382,-0.000461550439747382
DVC type effect (Type a to Type c),XR,19.5128205128205,3.66527211257718e-05,-0.000461266533551552,-0.000461266533551552
DVC type effect (Type a to Type c),XR,20,3.66311200592686e-05,-0.000460996102160632,-0.000460996102160632
APCAD damping effect after Type c,XR,1,0.0394676274430911,-0.488480217919643,-0.380457530207725
APCAD damping effect after Type c,XR,1.48717948717949,0.0338473753472289,-0.419316743259996,-0.377272427920051
APCAD damping effect after Type c,XR,1.97435897435897,0.0308031508803406,-0.382017634986737,-0.374897293667149
APCAD damping effect after Type c,XR,2.46153846153846,0.0289587297486727,-0.359446215387865,-0.359446215387865
APCAD damping effect after Type c,XR,2.94871794871795,0.0277392783947893,-0.344527661093989,-0.344527661093989
APCAD damping effect after Type c,XR,3.43589743589744,0.0268792863215659,-0.334006883699173,-0.334006883699173
APCAD damping effect after Type c,XR,3.92307692307692,0.0262427077271446,-0.326218609214994,-0.326218609214994
APCAD damping effect after Type c,XR,4.41025641025641,0.025753617055271,-0.320234093309927,-0.320234093309927
APCAD damping effect after Type c,XR,4.8974358974359,0.0253666387211286,-0.315498443453251,-0.315498443453251
APCAD damping effect after Type c,XR,5.38461538461539,0.0250531160756969,-0.311661253036703,-0.311661253036703
APCAD damping effect after Type c,XR,5.87179487179487,0.0247941169048177,-0.308491022820089,-0.308491022820089
APCAD damping effect after Type c,XR,6.35897435897436,0.0245766569099044,-0.30582897531997,-0.30582897531997
APCAD damping effect after Type c,XR,6.84615384615385,0.0243915472847858,-0.303562737471409,-0.303562737471409
APCAD damping effect after Type c,XR,7.33333333333333,0.0242321090973836,-0.30161062325868,-0.30161062325868
APCAD damping effect after Type c,XR,7.82051282051282,0.0240933748841848,-0.299911873070209,-0.299911873070209
APCAD damping effect after Type c,XR,8.30769230769231,0.0239715758588506,-0.29842038481708,-0.29842038481708
APCAD damping effect after Type c,XR,8.7948717948718,0.023863802054996,-0.297100558846671,-0.297100558846671
APCAD damping effect after Type c,XR,9.28205128205128,0.023767771694731,-0.295924478208286,-0.295924478208286
APCAD damping effect after Type c,XR,9.76923076923077,0.0236816710212679,-0.294869950289367,-0.294869950289367
APCAD damping effect after Type c,XR,10.2564102564103,0.0236040403931674,-0.293919113938525,-0.293919113938525
APCAD damping effect after Type c,XR,10.7435897435897,0.0235336920431462,-0.293057433807974,-0.293057433807974
APCAD damping effect after Type c,XR,11.2307692307692,0.0234696498842286,-0.292272964174095,-0.292272964174095
APCAD damping effect after Type c,XR,11.7179487179487,0.0234111044301738,-0.291555797592531,-0.291555797592531
APCAD damping effect after Type c,XR,12.2051282051282,0.0233573787008298,-0.290897647884187,-0.290897647884187
APCAD damping effect after Type c,XR,12.6923076923077,0.0233079022361254,-0.290291532285484,-0.290291532285484
APCAD damping effect after Type c,XR,13.1794871794872,0.0232621911702697,-0.289731527639668,-0.289731527639668
APCAD damping effect after Type c,XR,13.6666666666667,0.0232198321261791,-0.289212573443264,-0.289212573443264
APCAD damping effect after Type c,XR,14.1538461538462,0.023180470047373,-0.288730322921615,-0.288730322921615
APCAD damping effect after Type c,XR,14.6410256410256,0.0231437983209846,-0.288281022195268,-0.288281022195268
APCAD damping effect after Type c,XR,15.1282051282051,0.0231095506382973,-0.287861410690699,-0.287861410690699
APCAD damping effect after Type c,XR,15.6153846153846,0.0230774946488036,-0.287468643499127,-0.287468643499127
APCAD damping effect after Type c,XR,16.1025641025641,0.0230474267895362,-0.28710022808442,-0.28710022808442
APCAD damping effect after Type c,XR,16.5897435897436,0.023019167885815,-0.286753970453925,-0.286753970453925
APCAD damping effect after Type c,XR,17.0769230769231,0.0229925597144124,-0.28642793309113,-0.28642793309113
APCAD damping effect after Type c,XR,17.5641025641026,0.0229674618145511,-0.286120395945117,-0.286120395945117
APCAD damping effect after Type c,XR,18.0512820512821,0.0229437493431198,-0.285829830150714,-0.285829830150714
APCAD damping effect after Type c,XR,18.5384615384615,0.0229213107754293,-0.285554869918095,-0.285554869918095
APCAD damping effect after Type c,XR,19.025641025641,0.0229000462347823,-0.285294292062093,-0.285294292062093
APCAD damping effect after Type c,XR,19.5128205128205,0.022879866038506,-0.28504699821017,-0.28504699821017
APCAD damping effect after Type c,XR,20,0.0228606893448125,-0.284811998244511,-0.284811998244511
DVC type effect (Type a to Type c),C_dc,0.000375,9.72970894471022e-06,-0.000122396283381843,-0.000122396283381843
DVC type effect (Type a to Type c),C_dc,0.000442307692307692,1.1480437926795e-05,-0.00014441956930189,-0.00014441956930189
DVC type effect (Type a to Type c),C_dc,0.000509615384615385,1.32325002854348e-05,-0.000166459547032149,-0.000166459547032149
DVC type effect (Type a to Type c),C_dc,0.000576923076923077,1.49859043617178e-05,-0.000188516322698229,-0.000188516322698229
DVC type effect (Type a to Type c),C_dc,0.000644230769230769,1.67406561981664e-05,-0.000210589971388453,-0.000210589971388453
DVC type effect (Type a to Type c),C_dc,0.000711538461538462,1.84967043239618e-05,-0.000232679842064043,-0.000232679842064043
DVC type effect (Type a to Type c),C_dc,0.000778846153846154,2.02541405119987e-05,-0.000254787094711634,-0.000254787094711634
DVC type effect (Type a to Type c),C_dc,0.000846153846153846,2.20128969426105e-05,-0.000276910871220087,-0.000276910871220087
DVC type effect (Type a to Type c),C_dc,0.000913461538461539,2.37729915343252e-05,-0.000299051398102712,-0.000299051398102712
DVC type effect (Type a to Type c),C_dc,0.000980769230769231,2.5534446078385e-05,-0.000321208949772667,-0.000321208949772667
DVC type effect (Type a to Type c),C_dc,0.00104807692307692,2.72972362675619e-05,-0.00034338321879851,-0.00034338321879851
DVC type effect (Type a to Type c),C_dc,0.00111538461538462,2.9061375432694e-05,-0.000365574373351246,-0.000365574373351246
DVC type effect (Type a to Type c),C_dc,0.00118269230769231,3.08268542447716e-05,-0.000387782294818423,-0.000387782294818423
DVC type effect (Type a to Type c),C_dc,0.00125,3.25936829893431e-05,-0.000410007113012201,-0.000410007113012201
DVC type effect (Type a to Type c),C_dc,0.00131730769230769,3.43618739953311e-05,-0.000432248983000205,-0.000432248983000205
DVC type effect (Type a to Type c),C_dc,0.00138461538461538,3.61314169193983e-05,-0.000454507773478052,-0.000454507773478052
DVC type effect (Type a to Type c),C_dc,0.00145192307692308,3.79023009360879e-05,-0.000476783347595766,-0.000476783347595766
DVC type effect (Type a to Type c),C_dc,0.00151923076923077,3.96745626607166e-05,-0.000499076167363555,-0.000499076167363555
DVC type effect (Type a to Type c),C_dc,0.00158653846153846,4.14481656247807e-05,-0.00052138577142169,-0.00052138577142169
DVC type effect (Type a to Type c),C_dc,0.00165384615384615,4.32231371185667e-05,-0.000543712504135513,-0.000543712504135513
DVC type effect (Type a to Type c),C_dc,0.00172115384615385,4.49994634291913e-05,-0.000566056191791509,-0.000566056191791509
DVC type effect (Type a to Type c),C_dc,0.00178846153846154,4.67771500813376e-05,-0.000588416903740785,-0.000588416903740785
DVC type effect (Type a to Type c),C_dc,0.00185576923076923,4.85562025478933e-05,-0.000610794708753915,-0.000610794708753915
DVC type effect (Type a to Type c),C_dc,0.00192307692307692,5.03366037539789e-05,-0.000633189390461752,-0.000633189390461752
DVC type effect (Type a to Type c),C_dc,0.00199038461538462,5.21183990908544e-05,-0.000655601522246974,-0.000655601522246974
DVC type effect (Type a to Type c),C_dc,0.00205769230769231,5.39015542023007e-05,-0.000678030668699758,-0.000678030668699758
DVC type effect (Type a to Type c),C_dc,0.002125,5.56860665783497e-05,-0.000700476798345173,-0.000700476798345173
DVC type effect (Type a to Type c),C_dc,0.00219230769230769,5.74719703771587e-05,-0.000722940342543943,-0.000722940342543943
DVC type effect (Type a to Type c),C_dc,0.00225961538461539,5.92592372150782e-05,-0.000745420941458408,-0.000745420941458408
DVC type effect (Type a to Type c),C_dc,0.00232692307692308,6.1047847349515e-05,-0.000767918345412122,-0.000767918345412122
DVC type effect (Type a to Type c),C_dc,0.00239423076923077,6.28378605377639e-05,-0.000790433308884619,-0.000790433308884619
DVC type effect (Type a to Type c),C_dc,0.00246153846153846,6.46292410038714e-05,-0.000812965379598074,-0.000812965379598074
DVC type effect (Type a to Type c),C_dc,0.00252884615384615,6.64220099594708e-05,-0.000835514825047068,-0.000835514825047068
DVC type effect (Type a to Type c),C_dc,0.00259615384615385,6.82161519381455e-05,-0.000858081449055526,-0.000858081449055526
DVC type effect (Type a to Type c),C_dc,0.00266346153846154,7.00116702423755e-05,-0.000880665293065408,-0.000880665293065408
DVC type effect (Type a to Type c),C_dc,0.00273076923076923,7.18085789008401e-05,-0.000903266534026947,-0.000903266534026947
DVC type effect (Type a to Type c),C_dc,0.00279807692307692,7.36068695369498e-05,-0.000925885064675613,-0.000925885064675613
DVC type effect (Type a to Type c),C_dc,0.00286538461538462,7.54065403162137e-05,-0.000948520862736113,-0.000948520862736113
DVC type effect (Type a to Type c),C_dc,0.00293269230769231,7.72076046414976e-05,-0.000971174096338068,-0.000971174096338068
DVC type effect (Type a to Type c),C_dc,0.003,7.90100440019887e-05,-0.000993844530472049,-0.000993844530472049
APCAD damping effect after Type c,C_dc,0.000375,0.0253122598913261,-0.314798691237126,-0.314798691237126
APCAD damping effect after Type c,C_dc,0.000442307692307692,0.0253112490209224,-0.314788361080157,-0.314788361080157
APCAD damping effect after Type c,C_dc,0.000509615384615385,0.0253102375177882,-0.314778024110823,-0.314778024110823
APCAD damping effect after Type c,C_dc,0.000576923076923077,0.0253092253447579,-0.314767679868821,-0.314767679868821
APCAD damping effect after Type c,C_dc,0.000644230769230769,0.0253082125229817,-0.314757328619233,-0.314757328619233
APCAD damping effect after Type c,C_dc,0.000711538461538462,0.0253071990824842,-0.314746970726724,-0.314746970726724
APCAD damping effect after Type c,C_dc,0.000778846153846154,0.0253061849467791,-0.314736605262462,-0.314736605262462
APCAD damping effect after Type c,C_dc,0.000846153846153846,0.0253051701875704,-0.314726233090176,-0.314726233090176
APCAD damping effect after Type c,C_dc,0.000913461538461539,0.0253041547769518,-0.314715853880817,-0.314715853880817
APCAD damping effect after Type c,C_dc,0.000980769230769231,0.0253031386986421,-0.314705467429462,-0.314705467429462
APCAD damping effect after Type c,C_dc,0.00104807692307692,0.0253021219590806,-0.314695073815781,-0.314695073815781
APCAD damping effect after Type c,C_dc,0.00111538461538462,0.0253011045867901,-0.314684673392678,-0.314684673392678
APCAD damping effect after Type c,C_dc,0.00118269230769231,0.0253000865555254,-0.314674265834599,-0.314674265834599
APCAD damping effect after Type c,C_dc,0.00125,0.025299067893287,-0.314663851483963,-0.314663851483963
APCAD damping effect after Type c,C_dc,0.00131730769230769,0.0252980485262962,-0.314653429449685,-0.314653429449685
APCAD damping effect after Type c,C_dc,0.00138461538461538,0.0252970285489437,-0.314643000862926,-0.314643000862926
APCAD damping effect after Type c,C_dc,0.00145192307692308,0.0252960078479733,-0.314632564370851,-0.314632564370851
APCAD damping effect after Type c,C_dc,0.00151923076923077,0.0252949865343674,-0.314622121301575,-0.314622121301575
APCAD damping effect after Type c,C_dc,0.00158653846153846,0.0252939645617923,-0.314611671102651,-0.314611671102651
APCAD damping effect after Type c,C_dc,0.00165384615384615,0.0252929419030562,-0.314601213438556,-0.314601213438556
APCAD damping effect after Type c,C_dc,0.00172115384615385,0.0252919185938528,-0.31459074874821,-0.31459074874821
APCAD damping effect after Type c,C_dc,0.00178846153846154,0.025290894629641,-0.314580276973063,-0.314580276973063
APCAD damping effect after Type c,C_dc,0.00185576923076923,0.0252898699926375,-0.314569797899829,-0.314569797899829
APCAD damping effect after Type c,C_dc,0.00192307692307692,0.0252888447065888,-0.314559311815906,-0.314559311815906
APCAD damping effect after Type c,C_dc,0.00199038461538462,0.0252878187573355,-0.314548818547219,-0.314548818547219
APCAD damping effect after Type c,C_dc,0.00205769230769231,0.0252867921093474,-0.314538317659785,-0.314538317659785
APCAD damping effect after Type c,C_dc,0.002125,0.025285764808102,-0.314527809719237,-0.314527809719237
APCAD damping effect after Type c,C_dc,0.00219230769230769,0.0252847368561086,-0.314517294737537,-0.314517294737537
APCAD damping effect after Type c,C_dc,0.00225961538461539,0.0252837082191858,-0.314506772306095,-0.314506772306095
APCAD damping effect after Type c,C_dc,0.00232692307692308,0.0252826789448734,-0.314496243023268,-0.314496243023268
APCAD damping effect after Type c,C_dc,0.00239423076923077,0.0252816489605408,-0.31448570598153,-0.31448570598153
APCAD damping effect after Type c,C_dc,0.00246153846153846,0.0252806183298706,-0.314475161961783,-0.314475161961783
APCAD damping effect after Type c,C_dc,0.00252884615384615,0.025279587021441,-0.314464610576283,-0.314464610576283
APCAD damping effect after Type c,C_dc,0.00259615384615385,0.0252785550616621,-0.314454052155493,-0.314454052155493
APCAD damping effect after Type c,C_dc,0.00266346153846154,0.0252775223865799,-0.314443485925879,-0.314443485925879
APCAD damping effect after Type c,C_dc,0.00273076923076923,0.0252764890692984,-0.314432912763411,-0.314432912763411
APCAD damping effect after Type c,C_dc,0.00279807692307692,0.0252754550455423,-0.314422331895704,-0.314422331895704
APCAD damping effect after Type c,C_dc,0.00286538461538462,0.0252744203908379,-0.314411744236116,-0.314411744236116
APCAD damping effect after Type c,C_dc,0.00293269230769231,0.0252733850338599,-0.314401148923008,-0.314401148923008
APCAD damping effect after Type c,C_dc,0.003,0.0252723489917639,-0.314390546157854,-0.314390546157854
DVC type effect (Type a to Type c),k_ff_msc_typec,0,0,0,0
DVC type effect (Type a to Type c),k_ff_msc_typec,6.29767897641245e-05,2.00859210316637e-06,-2.5266616477726e-05,-2.5266616477726e-05
DVC type effect (Type a to Type c),k_ff_msc_typec,0.000125953579528249,4.01718685187624e-06,-5.053326340132e-05,-5.053326340132e-05
DVC type effect (Type a to Type c),k_ff_msc_typec,0.000188930369292373,6.02578875621637e-06,-7.57999981144675e-05,-7.57999981144675e-05
DVC type effect (Type a to Type c),k_ff_msc_typec,0.000251907159056498,8.03438648639375e-06,-0.00010106667721943,-0.00010106667721943
DVC type effect (Type a to Type c),k_ff_msc_typec,0.000314883948820622,1.00429963296941e-05,-0.000126333506568432,-0.000126333506568432
DVC type effect (Type a to Type c),k_ff_msc_typec,0.000377860738584747,1.20515990673174e-05,-0.000151600243406547,-0.000151600243406547
DVC type effect (Type a to Type c),k_ff_msc_typec,0.000440837528348871,1.40602083548956e-05,-0.00017686706031439,-0.00017686706031439
DVC type effect (Type a to Type c),k_ff_msc_typec,0.000503814318112996,1.60688252085917e-05,-0.000202133969877893,-0.000202133969877893
DVC type effect (Type a to Type c),k_ff_msc_typec,0.00056679110787712,1.80774372014383e-05,-0.00022740081519923,-0.00022740081519923
DVC type effect (Type a to Type c),k_ff_msc_typec,0.000629767897641245,2.00860585337723e-05,-0.000252667775891391,-0.000252667775891391
DVC type effect (Type a to Type c),k_ff_msc_typec,0.000692744687405369,2.20946764529183e-05,-0.000277934690434911,-0.000277934690434911
DVC type effect (Type a to Type c),k_ff_msc_typec,0.000755721477169494,2.41032995722361e-05,-0.000303201668111708,-0.000303201668111708
DVC type effect (Type a to Type c),k_ff_msc_typec,0.000818698266933618,2.61119261363626e-05,-0.000328468686447758,-0.000328468686447758
DVC type effect (Type a to Type c),k_ff_msc_typec,0.000881675056697742,2.81205591818341e-05,-0.000353735783773956,-0.000353735783773956
DVC type effect (Type a to Type c),k_ff_msc_typec,0.000944651846461867,3.01291908170482e-05,-0.000379002860480426,-0.000379002860480426
DVC type effect (Type a to Type c),k_ff_msc_typec,0.00100762863622599,3.21378215894681e-05,-0.000404269923806488,-0.000404269923806488
DVC type effect (Type a to Type c),k_ff_msc_typec,0.00107060542599012,3.41464584956361e-05,-0.000429537061434448,-0.000429537061434448
DVC type effect (Type a to Type c),k_ff_msc_typec,0.00113358221575424,3.61550996356048e-05,-0.000454804250207719,-0.000454804250207719
DVC type effect (Type a to Type c),k_ff_msc_typec,0.00119655900551836,3.81637456859131e-05,-0.000480071497961365,-0.000480071497961365
DVC type effect (Type a to Type c),k_ff_msc_typec,0.00125953579528249,4.01723868092077e-05,-0.000505338680639733,-0.000505338680639733
DVC type effect (Type a to Type c),k_ff_msc_typec,0.00132251258504661,4.21810365936037e-05,-0.000530605970104681,-0.000530605970104681
DVC type effect (Type a to Type c),k_ff_msc_typec,0.00138548937481074,4.41896837745041e-05,-0.000555873223797576,-0.000555873223797576
DVC type effect (Type a to Type c),k_ff_msc_typec,0.00144846616457486,4.61983426695688e-05,-0.000581140622559539,-0.000581140622559539
DVC type effect (Type a to Type c),k_ff_msc_typec,0.00151144295433899,4.82069960839673e-05,-0.000606407949468979,-0.000606407949468979
DVC type effect (Type a to Type c),k_ff_msc_typec,0.00157441974410311,5.02156583813505e-05,-0.000631675385905694,-0.000631675385905694
DVC type effect (Type a to Type c),k_ff_msc_typec,0.00163739653386724,5.22243207558663e-05,-0.000656942820207007,-0.000656942820207007
DVC type effect (Type a to Type c),k_ff_msc_typec,0.00170037332363136,5.42329818655884e-05,-0.000682210235985137,-0.000682210235985137
DVC type effect (Type a to Type c),k_ff_msc_typec,0.00176335011339548,5.62416474071663e-05,-0.000707477704829707,-0.000707477704829707
DVC type effect (Type a to Type c),k_ff_msc_typec,0.00182632690315961,5.82503191832659e-05,-0.000732745249786282,-0.000732745249786282
DVC type effect (Type a to Type c),k_ff_msc_typec,0.00188930369292373,6.02589952410325e-05,-0.000758012846044487,-0.000758012846044487
DVC type effect (Type a to Type c),k_ff_msc_typec,0.00195228048268786,6.22676685804145e-05,-0.000783280405221465,-0.000783280405221465
DVC type effect (Type a to Type c),k_ff_msc_typec,0.00201525727245198,6.42763441450322e-05,-0.000808547989523345,-0.000808547989523345
DVC type effect (Type a to Type c),k_ff_msc_typec,0.00207823406221611,6.62850316996751e-05,-0.000833815722450115,-0.000833815722450115
DVC type effect (Type a to Type c),k_ff_msc_typec,0.00214121085198023,6.82937121173482e-05,-0.000859083362637403,-0.000859083362637403
DVC type effect (Type a to Type c),k_ff_msc_typec,0.00220418764174436,7.03023982437951e-05,-0.000884351072192424,-0.000884351072192424
DVC type effect (Type a to Type c),k_ff_msc_typec,0.00226716443150848,7.23110869888365e-05,-0.000909618811799962,-0.000909618811799962
DVC type effect (Type a to Type c),k_ff_msc_typec,0.00233014122127261,7.4319784221958e-05,-0.000934886656107109,-0.000934886656107109
DVC type effect (Type a to Type c),k_ff_msc_typec,0.00239311801103673,7.63284759881938e-05,-0.000960154428464977,-0.000960154428464977
DVC type effect (Type a to Type c),k_ff_msc_typec,0.00245609480080085,7.83371711564063e-05,-0.000985422240949635,-0.000985422240949635
APCAD damping effect after Type c,k_ff_msc_typec,0,0.0255298878146961,-0.317483658700134,-0.317483658700134
APCAD damping effect after Type c,k_ff_msc_typec,6.29767897641245e-05,0.0255178693516905,-0.317337254245614,-0.317337254245614
APCAD damping effect after Type c,k_ff_msc_typec,0.000125953579528249,0.0255058495031834,-0.317190829422444,-0.317190829422444
APCAD damping effect after Type c,k_ff_msc_typec,0.000188930369292373,0.0254938282488788,-0.317044383990721,-0.317044383990721
APCAD damping effect after Type c,k_ff_msc_typec,0.000251907159056498,0.02548180561171,-0.316897918230502,-0.316897918230502
APCAD damping effect after Type c,k_ff_msc_typec,0.000314883948820622,0.0254697815794192,-0.316751431985613,-0.316751431985613
APCAD damping effect after Type c,k_ff_msc_typec,0.000377860738584747,0.0254577561716662,-0.316604925506975,-0.316604925506975
APCAD damping effect after Type c,k_ff_msc_typec,0.000440837528348871,0.0254457293883261,-0.316458398785111,-0.316458398785111
APCAD damping effect after Type c,k_ff_msc_typec,0.000503814318112996,0.0254337011941086,-0.316311851394132,-0.316311851394132
APCAD damping effect after Type c,k_ff_msc_typec,0.00056679110787712,0.0254216716414746,-0.316165283974568,-0.316165283974568
APCAD damping effect after Type c,k_ff_msc_typec,0.000629767897641245,0.0254096407000619,-0.316018696154903,-0.316018696154903
APCAD damping effect after Type c,k_ff_msc_typec,0.000692744687405369,0.0253976083786493,-0.315872088047054,-0.315872088047054
APCAD damping effect after Type c,k_ff_msc_typec,0.000755721477169494,0.0253855746942295,-0.315725459854569,-0.315725459854569
APCAD damping effect after Type c,k_ff_msc_typec,0.000818698266933618,0.0253735396491435,-0.315578811603814,-0.315578811603814
APCAD damping effect after Type c,k_ff_msc_typec,0.000881675056697742,0.0253615032099268,-0.315432142892502,-0.315432142892502
APCAD damping effect after Type c,k_ff_msc_typec,0.000944651846461867,0.0253494653775589,-0.315285453740958,-0.315285453740958
APCAD damping effect after Type c,k_ff_msc_typec,0.00100762863622599,0.0253374262389446,-0.315138745194529,-0.315138745194529
APCAD damping effect after Type c,k_ff_msc_typec,0.00107060542599012,0.0253253856824577,-0.314992015903057,-0.314992015903057
APCAD damping effect after Type c,k_ff_msc_typec,0.00113358221575424,0.0253133438063172,-0.314845267055677,-0.314845267055677
APCAD damping effect after Type c,k_ff_msc_typec,0.00119655900551836,0.0253013005330904,-0.314698497718126,-0.314698497718126
APCAD damping effect after Type c,k_ff_msc_typec,0.00125953579528249,0.0252892559434617,-0.314551708866866,-0.314551708866866
APCAD damping effect after Type c,k_ff_msc_typec,0.00132251258504661,0.0252772099801506,-0.314404899808773,-0.314404899808773
APCAD damping effect after Type c,k_ff_msc_typec,0.00138548937481074,0.0252651626795363,-0.314258070987536,-0.314258070987536
APCAD damping effect after Type c,k_ff_msc_typec,0.00144846616457486,0.0252531139699995,-0.31411122153414,-0.31411122153414
APCAD damping effect after Type c,k_ff_msc_typec,0.00151144295433899,0.0252410639680078,-0.313964352861469,-0.313964352861469
APCAD damping effect after Type c,k_ff_msc_typec,0.00157441974410311,0.0252290125901176,-0.313817463960175,-0.313817463960175
APCAD damping effect after Type c,k_ff_msc_typec,0.00163739653386724,0.0252169598765879,-0.313670555314197,-0.313670555314197
APCAD damping effect after Type c,k_ff_msc_typec,0.00170037332363136,0.0252049058132277,-0.313523626762953,-0.313523626762953
APCAD damping effect after Type c,k_ff_msc_typec,0.00176335011339548,0.0251928504383424,-0.313376678757914,-0.313376678757914
APCAD damping effect after Type c,k_ff_msc_typec,0.00182632690315961,0.0251807936918416,-0.313229710581717,-0.313229710581717
APCAD damping effect after Type c,k_ff_msc_typec,0.00188930369292373,0.0251687356070811,-0.313082722635099,-0.313082722635099
APCAD damping effect after Type c,k_ff_msc_typec,0.00195228048268786,0.0251566762158896,-0.312935715306638,-0.312935715306638
APCAD damping effect after Type c,k_ff_msc_typec,0.00201525727245198,0.0251446154760778,-0.312788688084497,-0.312788688084497
APCAD damping effect after Type c,k_ff_msc_typec,0.00207823406221611,0.0251325533645126,-0.312641640687473,-0.312641640687473
APCAD damping effect after Type c,k_ff_msc_typec,0.00214121085198023,0.0251204899669133,-0.312494574161535,-0.312494574161535
APCAD damping effect after Type c,k_ff_msc_typec,0.00220418764174436,0.0251084252591294,-0.312347488206906,-0.312347488206906
APCAD damping effect after Type c,k_ff_msc_typec,0.00226716443150848,0.0250963591949741,-0.312200382270011,-0.312200382270011
APCAD damping effect after Type c,k_ff_msc_typec,0.00233014122127261,0.0250842918302642,-0.31205325702168,-0.31205325702168
APCAD damping effect after Type c,k_ff_msc_typec,0.00239311801103673,0.0250722231199677,-0.311906111930274,-0.311906111930274
APCAD damping effect after Type c,k_ff_msc_typec,0.00245609480080085,0.0250601531155877,-0.311758947608021,-0.311758947608021
