Model,Scan,Value,MaxReal,Sigma,FrequencyHz,DampingRatio,Stable
GFM-MWT+AD,K_damp,-15000000,1718.24855511397,-0.170109503765894,1.93867560145245,0.0139637228350158,0
GFM-MWT+AD,K_damp,-14833333.3333333,1718.24855511362,-0.16724217303306,1.93955379709439,0.0137221831361776,0
GFM-MWT+AD,K_damp,-14666666.6666667,1718.24855511363,-0.164348021212593,1.94042784496187,0.0134786891994995,0
GFM-MWT+AD,K_damp,-14500000,1718.24855511373,-0.161427632086786,1.94129769207134,0.0132332902949442,0
GFM-MWT+AD,K_damp,-14333333.3333333,1718.24855511372,-0.158481593968154,1.94216328858393,0.012986035906282,0
GFM-MWT+AD,K_damp,-14166666.6666667,1718.24855511373,-0.155510498773254,1.94302458771801,0.012736975657925,0
GFM-MWT+AD,K_damp,-14000000,1718.24855511348,-0.15251494130453,1.94388154580805,0.0124861592580424,0
GFM-MWT+AD,K_damp,-13833333.3333333,1718.24855511391,-0.149495518368353,1.9447341222029,0.0122336364295417,0
GFM-MWT+AD,K_damp,-13666666.6666667,1718.24855511355,-0.146452828075223,1.94558227932003,0.0119794568551454,0
GFM-MWT+AD,K_damp,-13500000,1718.24855511362,-0.14338746903792,1.94642598255601,0.0117236701152293,0
GFM-MWT+AD,K_damp,-13333333.3333333,1718.2485551135,-0.140300039669687,1.94726520025562,0.0114663256336276,0
GFM-MWT+AD,K_damp,-13166666.6666667,1718.24855511354,-0.13719113748234,1.94809990368188,0.0112074726235847,0
GFM-MWT+AD,K_damp,-13000000,1718.2485551137,-0.134061358399855,1.94893006694706,0.0109471600353414,0
GFM-MWT+AD,K_damp,-12833333.3333333,1718.24855511345,-0.130911296132571,1.94975566698653,0.0106854365085455,0
GFM-MWT+AD,K_damp,-12666666.6666667,1718.24855511387,-0.127741541551071,1.95057668347377,0.0104223503250787,0
GFM-MWT+AD,K_damp,-12500000,1718.24855511372,-0.12455268209303,1.9513930987797,0.010157949364414,0
GFM-MWT+AD,K_damp,-12333333.3333333,1718.24855511399,-0.121345301211701,1.9522048978881,0.0098922810626889,0
GFM-MWT+AD,K_damp,-12166666.6666667,1718.24855511373,-0.118119977858944,1.95301206835243,0.00962539237443795,0
GFM-MWT+AD,K_damp,-12000000,1718.24855511414,-0.114877285987114,1.95381460021952,0.00935732973608906,0
GFM-MWT+AD,K_damp,-11833333.3333333,1718.24855511391,-0.111617794071367,1.95461248594101,0.00908813903121525,0
GFM-MWT+AD,K_damp,-11666666.6666667,1718.24855511356,-0.108342064672935,1.95540572033289,0.0088178655589186,0
GFM-MWT+AD,K_damp,-11500000,1718.24855511392,-0.10505065407495,1.95619430047954,0.00854655400840267,0
GFM-MWT+AD,K_damp,-11333333.3333333,1718.24855511354,-0.101744111835779,1.95697822565349,0.00827424842674922,0
GFM-MWT+AD,K_damp,-11166666.6666667,1718.24855511389,-0.0984229805180767,1.95775749726745,0.00800099220085115,0
GFM-MWT+AD,K_damp,-11000000,1718.24855511352,-0.0950877953218114,1.95853211875757,0.00772682803180845,0
GFM-MWT+AD,K_damp,-10833333.3333333,1718.24855511409,-0.0917390838156614,1.95930209554709,0.00745179791695955,0
GFM-MWT+AD,K_damp,-10666666.6666667,1718.24855511361,-0.0883773656688564,1.96006743495062,0.00717594313216446,0
GFM-MWT+AD,K_damp,-10500000,1718.24855511364,-0.0850031524179607,1.96082814608164,0.00689930421685692,0
GFM-MWT+AD,K_damp,-10333333.3333333,1718.24855511359,-0.0816169472703622,1.96158423980715,0.00662192096185385,0
GFM-MWT+AD,K_damp,-10166666.6666667,1718.24855511369,-0.0782192448918395,1.9623357286633,0.0063438323959695,0
GFM-MWT+AD,K_damp,-10000000,1718.24855511377,-0.074810531269402,1.96308262675216,0.00606507677872777,0
GFM-MWT+AD,K_damp,-9833333.33333333,1718.24855511377,-0.0713912835726047,1.96382494970636,0.00578569159265644,0
GFM-MWT+AD,K_damp,-9666666.66666667,1718.2485551136,-0.0679619699999092,1.96456271460003,0.00550571353448366,0
GFM-MWT+AD,K_damp,-9500000,1718.24855511302,-0.0645230497508882,1.96529593986591,0.00522517851642665,0
GFM-MWT+AD,K_damp,-9333333.33333333,1718.24855511365,-0.0610749728932767,1.96602464523909,0.00494412165880131,0
GFM-MWT+AD,K_damp,-9166666.66666667,1718.24855511382,-0.0576181803450044,1.96674885168004,0.00466257729192567,0
GFM-MWT+AD,K_damp,-9000000,1718.24855511406,-0.0541531038019587,1.96746858131485,0.00438057895349718,0
GFM-MWT+AD,K_damp,-8833333.33333333,1718.24855511333,-0.0506801657462659,1.96818385737053,0.0040981593924167,0
GFM-MWT+AD,K_damp,-8666666.66666667,1718.24855511369,-0.0471997794189973,1.96889470408601,0.00381535056969095,0
GFM-MWT+AD,K_damp,-8500000,1718.24855511367,-0.043712348859241,1.96960114667083,0.003532183664504,0
GFM-MWT+AD,K_damp,-8333333.33333333,1718.24855511412,-0.0402182688610546,1.97030321125768,0.00324868907358767,0
GFM-MWT+AD,K_damp,-8166666.66666667,1718.24855511385,-0.0367179251041132,1.97100092480716,0.00296489642461967,0
GFM-MWT+AD,K_damp,-8000000,1718.24855511383,-0.0332116941278562,1.97169431507734,0.00268083457676072,0
GFM-MWT+AD,K_damp,-7833333.33333333,1718.24855511368,-0.029699943426897,1.97238341055045,0.00239653163097179,0
GFM-MWT+AD,K_damp,-7666666.66666667,1718.24855511389,-0.0261830315103979,1.97306824039812,0.00211201493726858,0
GFM-MWT+AD,K_damp,-7500000,1718.24855511363,-0.0226613079741335,1.97374883440619,0.00182731110296254,0
GFM-MWT+AD,K_damp,-7333333.33333333,1718.24855511379,-0.0191351136088103,1.97442522294827,0.00154244600367517,0
GFM-MWT+AD,K_damp,-7166666.66666667,1718.24855511359,-0.0156047804718821,1.97509743692684,0.00125744479135734,0
GFM-MWT+AD,K_damp,-7000000,1718.24855511373,-0.0120706320109631,1.97576550771206,0.000972331906370795,0
GFM-MWT+AD,K_damp,-6833333.33333333,1718.24855511368,-0.00853298316561535,1.97642946712751,0.000687131087706561,0
GFM-MWT+AD,K_damp,-6666666.66666667,1718.24855511375,-0.00499214048274427,1.97708934737697,0.000401865384250786,0
GFM-MWT+AD,K_damp,-6500000,1718.24855511342,-0.00144840224236276,1.97774518102514,0.000116557166769106,0
GFM-MWT+AD,K_damp,-6333333.33333333,1718.24855511382,0.00209794143071612,1.97839700094917,-0.00016877186131004,0
GFM-MWT+AD,K_damp,-6166666.66666667,1718.2485551137,0.00564660840751735,1.97904484030012,-0.000454100649365044,0
GFM-MWT+AD,K_damp,-6000000,1718.24855511367,0.00919732446455213,1.97968873247271,-0.00073940879068241,0
GFM-MWT+AD,K_damp,-5833333.33333333,1718.24855511367,0.0127498231017897,1.98032871105974,-0.00102467650626592,0
GFM-MWT+AD,K_damp,-5666666.66666667,1718.24855511371,0.0163038454391608,1.98096480983694,-0.00130988463502947,0
GFM-MWT+AD,K_damp,-5500000,1718.24855511351,0.0198591400494655,1.98159706271001,-0.00159501461896751,0
GFM-MWT+AD,K_damp,-5333333.33333333,1718.24855511325,0.0234154628413766,1.98222550370334,-0.00188004849240462,0
GFM-MWT+AD,K_damp,-5166666.66666667,1718.24855511335,0.0269725768887092,1.98285016692363,-0.00216496886701125,0
GFM-MWT+AD,K_damp,-5000000,1718.24855511376,0.0305302523060377,1.98347108653578,-0.00244975892060396,0
GFM-MWT+AD,K_damp,-4833333.33333333,1718.2485551136,0.0340882660894821,1.98408829673164,-0.00273440238322369,0
GFM-MWT+AD,K_damp,-4666666.66666667,1718.24855511401,0.0376464019895523,1.98470183171764,-0.00301888352582837,0
GFM-MWT+AD,K_damp,-4500000,1718.24855511401,0.041204450344476,1.9853117256798,-0.00330318714590611,0
GFM-MWT+AD,K_damp,-4333333.33333333,1718.24855511369,0.044762207933444,1.98591801276489,-0.00358729855473019,0
GFM-MWT+AD,K_damp,-4166666.66666667,1718.24855511373,0.0483194778478568,1.98652072706775,-0.00387120356610146,0
GFM-MWT+AD,K_damp,-4000000,1718.24855511351,0.0518760693530498,1.98711990260648,-0.0041548884844018,0
GFM-MWT+AD,K_damp,-3833333.33333333,1718.24855511339,0.0554317977065544,1.98771557329996,-0.00443834008922162,0
GFM-MWT+AD,K_damp,-3666666.66666667,1718.24855511345,0.0589864840609946,1.98830777296504,-0.00472154562677785,0
GFM-MWT+AD,K_damp,-3500000,1718.24855511346,0.0625399552926111,1.98889653528081,-0.00500449279549627,0
GFM-MWT+AD,K_damp,-3333333.33333333,1718.24855511376,0.0660920438735562,1.98948189379468,-0.00528716973505507,0
GFM-MWT+AD,K_damp,-3166666.66666667,1718.24855511377,0.0696425877344486,1.9900638818912,-0.00556956501478152,0
GFM-MWT+AD,K_damp,-3000000,1718.24855511391,0.0731914301249492,1.99064253279082,-0.00585166762186317,0
GFM-MWT+AD,K_damp,-2833333.33333333,1718.24855511368,0.0767384194835297,1.99121787953013,-0.00613346695038492,0
GFM-MWT+AD,K_damp,-2666666.66666667,1718.24855511411,0.0802834092973974,1.99178995495622,-0.00641495278958232,0
GFM-MWT+AD,K_damp,-2500000,1718.24855511314,0.0838262579759692,1.99235879171284,-0.00669611531324156,0
GFM-MWT+AD,K_damp,-2333333.33333333,1718.24855511378,0.0873668287328582,1.99292442223138,-0.00697694506980328,0
GFM-MWT+AD,K_damp,-2166666.66666667,1718.24855511389,0.0909049894318037,1.99348687872125,-0.0072574329696258,0
GFM-MWT+AD,K_damp,-2000000,1718.24855511381,0.0944406124978945,1.99404619316399,-0.00753757027748459,0
GFM-MWT+AD,K_damp,-1833333.33333333,1718.24855511383,0.0979735747740387,1.99460239730503,-0.00781734860074024,0
GFM-MWT+AD,K_damp,-1666666.66666667,1718.2485551138,0.101503757400737,1.99515552264289,-0.00809675987941175,0
GFM-MWT+AD,K_damp,-1500000,1718.24855511356,0.105031045710871,1.9957056004279,-0.00837579637744108,0
GFM-MWT+AD,K_damp,-1333333.33333333,1718.24855511371,0.108555329104199,1.99625266165536,-0.00865445067238918,0
GFM-MWT+AD,K_damp,-1166666.66666667,1718.24855511385,0.112076500939176,1.99679673705689,-0.00893271564655055,0
GFM-MWT+AD,K_damp,-1000000,1718.24855511383,0.115594458427206,1.99733785709921,-0.00921058447825744,0
GFM-MWT+AD,K_damp,-833333.333333334,1718.24855511331,0.119109102512419,1.99787605197889,-0.00948805063207223,0
GFM-MWT+AD,K_damp,-666666.666666666,1718.24855511401,0.122620337780226,1.99841135161794,-0.00976510785129538,0
GFM-MWT+AD,K_damp,-500000,1718.24855511392,0.126128072344262,1.99894378566164,-0.0100417501487629,0
GFM-MWT+AD,K_damp,-333333.333333334,1718.24855511397,0.12963221775419,1.9994733834744,-0.0103179717993376,0
GFM-MWT+AD,K_damp,-166666.666666666,1718.24855511411,0.133132688891827,2.00000017413841,-0.0105937673314778,0
GFM-MWT+AD,K_damp,0,1718.2485551139,0.136629403858671,2.00052418645064,-0.0108691315181511,0
GFM-MWT+AD,K_damp,166666.666666666,1718.24855511393,0.140122283945948,2.0010454489203,-0.0111440593743295,0
GFM-MWT+AD,K_damp,333333.333333334,1718.24855511362,0.14361125343131,2.00156398976971,-0.011418546140695,0
GFM-MWT+AD,K_damp,500000,1718.24855511364,0.147096239607238,2.00207983693153,-0.0116925872858124,0
GFM-MWT+AD,K_damp,666666.666666666,1718.24855511381,0.150577172626861,2.00259301804909,-0.0119661784937778,0
GFM-MWT+AD,K_damp,833333.333333334,1718.24855511335,0.154053985417692,2.0031035604711,-0.0122393156573205,0
GFM-MWT+AD,K_damp,1000000,1718.2485551137,0.157526613631088,2.00361149125903,-0.0125119948736822,0
GFM-MWT+AD,K_damp,1166666.66666667,1718.2485551135,0.160994995544602,2.00411683718148,-0.0127842124368415,0
GFM-MWT+AD,K_damp,1333333.33333333,1718.24855511377,0.164459071983901,2.00461962471655,-0.0130559648312615,0
GFM-MWT+AD,K_damp,1500000,1718.24855511377,0.167918786243145,2.00511988005093,-0.013327248725546,0
GFM-MWT+AD,K_damp,1666666.66666667,1718.24855511396,0.171374084019317,2.0056176290813,-0.0135980609672011,0
GFM-MWT+AD,K_damp,1833333.33333333,1718.24855511376,0.174824913330087,2.00611289741494,-0.0138683985761062,0
GFM-MWT+AD,K_damp,2000000,1718.24855511371,0.178271224455491,2.00660571037039,-0.0141382587398847,0
GFM-MWT+AD,K_damp,2166666.66666667,1718.24855511377,0.181712969852815,2.00709609297912,-0.0144076388071516,0
GFM-MWT+AD,K_damp,2333333.33333333,1718.24855511344,0.185150104106913,2.00758406998499,-0.0146765362835984,0
GFM-MWT+AD,K_damp,2500000,1718.24855511365,0.188582583866887,2.00806966585268,-0.0149449488269365,0
GFM-MWT+AD,K_damp,2666666.66666667,1718.24855511393,0.192010367742263,2.00855290475317,-0.0152128742388115,0
GFM-MWT+AD,K_damp,2833333.33333333,1718.24855511405,0.195433416298615,2.00903381058388,-0.0154803104643489,0
GFM-MWT+AD,K_damp,3000000,1718.24855511408,0.198851691972601,2.00951240696141,-0.0157472555855225,0
GFM-MWT+AD,K_damp,3166666.66666667,1718.24855511339,0.202265159010207,2.00998871722346,-0.0160137078163021,0
GFM-MWT+AD,K_damp,3333333.33333333,1718.24855511349,0.20567378340429,2.01046276442821,-0.0162796654977745,0
GFM-MWT+AD,K_damp,3500000,1718.2485551137,0.209077532862916,2.01093457136447,-0.0165451270956202,0
GFM-MWT+AD,K_damp,3666666.66666667,1718.24855511317,0.212476376736588,2.01140416054717,-0.0168100911944589,0
GFM-MWT+AD,K_damp,3833333.33333333,1718.24855511409,0.215870285978137,2.0118715542229,-0.0170745564947044,0
GFM-MWT+AD,K_damp,4000000,1718.24855511342,0.219259233083139,2.01233677436877,-0.017338521807939,0
GFM-MWT+AD,K_damp,4166666.66666667,1718.24855511386,0.222643192038291,2.01279984269544,-0.0176019860528893,0
GFM-MWT+AD,K_damp,4333333.33333333,1718.24855511351,0.226022138299663,2.01326078065552,-0.0178649482537188,0
GFM-MWT+AD,K_damp,4500000,1718.24855511372,0.229396048712668,2.01371960943796,-0.0181274075338393,0
GFM-MWT+AD,K_damp,4666666.66666667,1718.24855511361,0.232764901481953,2.01417634997163,-0.0183893631135945,0
GFM-MWT+AD,K_damp,4833333.33333333,1718.24855511402,0.236128676149473,2.01463102293706,-0.0186508143085161,0
GFM-MWT+AD,K_damp,5000000,1718.24855511373,0.239487353489473,2.01508364875068,-0.0189117605212714,0
