Model,Parameter,Value,Sigma,FrequencyHz,DampingRatio,MaxReal,Stable
GFM-MWT,h,5.06605918211689,-0.106994402294941,2.00281635921808,0.00850206383565288,-0.0152763416980557,1
GFM-MWT,h,5.68421189292106,-0.106844028577184,2.00285209908759,0.00848996410546959,-0.0152763413639523,1
GFM-MWT,h,6.37779064202012,-0.106670760253932,2.00289215584769,0.00847602746417699,-0.0152763413348464,1
GFM-MWT,h,7.15599879802095,-0.106470565970244,2.00293702490948,0.00845993171749371,-0.0152763407949404,1
GFM-MWT,h,8.02916271034217,-0.10623857888608,2.00298724531528,0.00844128818035314,-0.0152763402321711,1
GFM-MWT,h,9.00886873359709,-0.105968901499429,2.00304339607721,0.008419626211021,-0.0152763399579777,1
GFM-MWT,h,10.1081169714799,-0.105654360338635,2.00310608802732,0.00839437378969065,-0.0152763396992415,1
GFM-MWT,h,11.3414937802433,-0.105286199370282,2.00317594852037,0.0083648332690375,-0.0152763392119552,1
GFM-MWT,h,12.7253653207839,-0.104853701316976,2.00325359467093,0.00833015145906336,-0.0152763383617253,1
GFM-MWT,h,14.2780947276538,-0.10434372444785,2.00333958935611,0.00828928308473211,-0.0152763375023292,1
GFM-MWT,h,16.0202857766991,-0.103740147051727,2.00343437087568,0.00824094703655422,-0.0152763371134725,1
GFM-MWT,h,17.9750562846477,-0.103023225022989,2.00353814360896,0.00818357589511293,-0.0152763361794949,1
GFM-MWT,h,20.1683448684912,-0.102168879456356,2.00365071250591,0.00811526013083337,-0.0152763354622288,1
GFM-MWT,h,22.6292551351734,-0.101148004061945,2.00377123460511,0.00803369419269409,-0.0152763343420186,1
GFM-MWT,h,25.390441868772,-0.0999259405970425,2.00389785805725,0.00793613631133124,-0.0152763330428595,1
GFM-MWT,h,28.4885443396435,-0.0984624494168207,2.00402721089572,0.00781940802029552,-0.0152763321362122,1
GFM-MWT,h,31.9646724852797,-0.0967127425697116,2.00415370964463,0.00767997834897362,-0.0152763301036409,1
GFM-MWT,h,35.864952414202,-0.09463048457012,2.00426868998389,0.0075142041891494,-0.01527632956333,1
GFM-MWT,h,40.2411384713964,-0.0921741455871077,2.00435943999629,0.00731883598137903,-0.0152763264056875,1
GFM-MWT,h,45.1512999870275,-0.0893182169860595,2.00440839529653,0.00709190716154998,-0.0152763253661498,1
GFM-MWT,h,50.6605918211689,-0.0860705075909557,2.00439302155893,0.00683410224016157,-0.0152763222540617,1
GFM-MWT,h,56.8421189292106,-0.0824943314959168,2.00428724055383,0.00655050767209414,-0.0152763202205136,1
GFM-MWT,h,63.7779064202013,-0.0787299432587175,2.00406534615031,0.00625229848366712,-0.015276316677762,1
GFM-MWT,h,71.5599879802095,-0.075003001541285,2.0037087435388,0.00595739607936268,-0.0152763142357468,1
GFM-MWT,h,80.2916271034217,-0.0716049437137802,2.00321413578706,0.0056889057061718,-0.0152763103733007,1
GFM-MWT,h,90.0886873359709,-0.06883793635121,2.0025995700128,0.00547075613861444,-0.0152763062073435,1
GFM-MWT,h,101.081169714799,-0.0669381927121283,2.00190409473448,0.00532163025485532,-0.0152763021711973,1
GFM-MWT,h,113.414937802433,-0.0660117903034909,2.00117949299306,0.00524988287365839,-0.0152762960326839,1
GFM-MWT,h,127.253653207839,-0.0660156786254008,2.00047741108522,0.00525203464311534,-0.0152762902794,1
GFM-MWT,h,142.780947276538,-0.0667897699786922,1.99983802893022,0.00531531640254824,-0.0152762839525945,1
GFM-MWT,h,160.202857766991,-0.0681169773546819,1.99928469608099,0.00542243648156997,-0.0152762782654663,1
GFM-MWT,h,179.750562846477,-0.0697802239150685,1.99882480174341,0.00555611283885512,-0.0152762684078009,1
GFM-MWT,h,201.683448684912,-0.0715981368444319,1.99845422532227,0.00570191301347435,-0.015276260002215,1
GFM-MWT,h,226.292551351734,-0.0734378377032724,1.99816243891785,0.00584927166315369,-0.0152762476468127,1
GFM-MWT,h,253.90441868772,-0.0752123964975833,1.99793654398623,0.00599128629796662,-0.0152762385707879,1
GFM-MWT,h,284.885443396435,-0.0768714186229932,1.99776380250773,0.00612396561821245,-0.0152762245141386,1
GFM-MWT,h,319.646724852797,-0.0783904999566218,1.99763290418825,0.00624538783579468,-0.0152762115862691,1
GFM-MWT,h,358.64952414202,-0.0797622203160471,1.99753440748719,0.0063549820445261,-0.0152761942784603,1
GFM-MWT,h,402.411384713965,-0.0809894418860485,1.99746072558868,0.00645299377961863,-0.0152761765726794,1
GFM-MWT,h,451.512999870275,-0.0820807149806541,1.99740590815039,0.00654011890158994,-0.0152761563449793,1
GFM-MWT,h,506.605918211689,-0.0830473205812049,1.99736535993462,0.00661726815726766,-0.0152761325544926,1
GFM-MWT,h,568.421189292106,-0.0839014609101049,1.99733556680762,0.00668542334208591,-0.0152761077160369,1
GFM-MWT,h,637.779064202013,-0.0846552120253971,1.99731385767306,0.00674555421661134,-0.0152760789283172,1
GFM-MWT,h,715.599879802095,-0.0853199615007035,1.99729820960633,0.00679857405935758,-0.0152760467514286,1
GFM-MWT,h,802.916271034217,-0.0859061420471106,1.99728709380378,0.00684531875983043,-0.0152760112369925,1
GFM-MWT,h,900.886873359709,-0.0864231407818083,1.99727935627069,0.00688653985843254,-0.0152759704785559,1
GFM-MWT,h,1010.81169714799,-0.0868793075872076,1.99727412657378,0.00692290543385221,-0.0152759237387122,1
GFM-MWT,h,1134.14937802433,-0.0872820155101174,1.99727074856984,0.00695500509389712,-0.0152758726652455,1
GFM-MWT,h,1272.53653207839,-0.0876377454602963,1.99726872802828,0.00698335686584026,-0.0152758153912834,1
GFM-MWT,h,1427.80947276538,-0.0879521788880697,1.99726769309707,0.00700841469237615,-0.0152757527257904,1
GFM-MWT,h,1602.02857766991,-0.0882302893693538,1.99726736447694,0.00703057581621345,-0.0152756789227491,1
GFM-MWT,h,1797.50562846477,-0.0884764286393692,1.9972675329069,0.00705018770304087,-0.0152755978784742,1
GFM-MWT,h,2016.83448684912,-0.0886944045401123,1.99726804214985,0.00706755430500437,-0.0152755077014303,1
GFM-MWT,h,2262.92551351734,-0.088887550720533,1.997268776119,0.007082941655171,-0.0152754053322766,1
GFM-MWT,h,2539.04418687721,-0.0890587878596529,1.99726964911998,0.00709658277731506,-0.0152752901577432,1
GFM-MWT,h,2848.85443396435,-0.0892106771983189,1.99727059844732,0.00710868197568361,-0.0152751602501714,1
GFM-MWT,h,3196.46724852797,-0.089345467087201,1.99727157875843,0.00711941856274584,-0.0152750160304368,1
GFM-MWT,h,3586.49524142021,-0.0894651332961228,1.99727255779455,0.0071289500855469,-0.0152748559487585,1
GFM-MWT,h,4024.11384713965,-0.0895714138708162,1.99727351312336,0.00713741511427762,-0.0152746721284492,1
GFM-MWT,h,4515.12999870275,-0.0896658394353714,1.99727442966135,0.00714493566537628,-0.0152744711978845,1
GFM-MWT,h,5066.05918211689,-0.0897497591941898,1.99727529778511,0.00715161927998968,-0.0152742413286055,1
GFM-MWT,h,5684.21189292106,-0.0898243636578032,1.99727611189778,0.00715756083984166,-0.0152739827639873,1
GFM-MWT,h,6377.79064202013,-0.089890704225678,1.99727686933886,0.00716284413148359,-0.0152736961787186,1
GFM-MWT,h,7155.99879802095,-0.0899497102269914,1.99727756955862,0.00716754320707407,-0.0152733753316875,1
GFM-MWT,h,8029.16271034218,-0.0900022037345447,1.99727821349445,0.00717172356701252,-0.0152730125935788,1
GFM-MWT,h,9008.86873359709,-0.0900489124704189,1.9972788031019,0.0071754431899734,-0.0152726042755347,1
GFM-MWT,h,10108.1169714799,-0.0900904810666332,1.997279341004,0.00717875343144427,-0.0152721484504944,1
GFM-MWT,h,11341.4937802433,-0.0901274808879152,1.99727983023062,0.00718169980736877,-0.0152716385810041,1
GFM-MWT,h,12725.3653207839,-0.0901604186421263,1.99728027402707,0.00718432268093809,-0.0152710646199405,1
GFM-MWT,h,14278.0947276538,-0.0901897439284388,1.99728067571532,0.0071866578645512,-0.015270421692232,1
GFM-MWT,h,16020.2857766991,-0.0902158558446531,1.99728103859474,0.00718873714666161,-0.0152697033918156,1
GFM-MWT,h,17975.0562846477,-0.0902391088137729,1.99728136587325,0.00719058875630254,-0.0152688946351358,1
GFM-MWT,h,20168.3448684912,-0.0902598176984221,1.9972816606211,0.0071922377707832,-0.0141356288102144,1
GFM-MWT,h,22629.2551351734,-0.0902782623125096,1.99728192574147,0.00719370647529477,-0.011770613903707,1
GFM-MWT,h,25390.4418687721,-0.0902946913952916,1.99728216395389,0.00719501467963236,-0.00966308341481481,1
GFM-MWT,h,28488.5443396435,-0.0903093261219675,1.99728237778636,0.00719617999795443,-0.00778501632542817,1
GFM-MWT,h,31964.6724852797,-0.0903223632103279,1.99728256957471,0.00719721809632873,-0.00611144746330293,1
GFM-MWT,h,35864.9524142021,-0.0903339776579661,1.9972827414661,0.00719814291082505,-0.00462012412312312,1
GFM-MWT,h,40241.1384713965,-0.0903443251773999,1.99728289542602,0.00719896684152393,-0.00329124055058998,1
GFM-MWT,h,45151.2999870275,-0.0903535443386203,1.99728303324722,0.00719970092320559,-0.00210713470939576,1
GFM-MWT,h,50660.5918211689,-0.0903617584820005,1.99728315656007,0.00720035497773537,-0.00105207359407461,1
GFM-MWT+AD,h,5.06605918211689,0.333053423392471,1.95934742849795,-0.0270435507574404,0.333053423392471,0
GFM-MWT+AD,h,5.68421189292106,0.333171772104467,1.95891581600672,-0.0270591098238792,0.333171772104467,0
GFM-MWT+AD,h,6.37779064202012,0.333274124057099,1.95842865149114,-0.0270741445812716,0.333274124057099,0
GFM-MWT+AD,h,7.15599879802095,0.333349976644842,1.95787848309181,-0.0270879061341805,0.333349976644842,0
GFM-MWT+AD,h,8.02916271034217,0.333385063121226,1.95725680904798,-0.027099353544883,0.333385063121226,0
GFM-MWT+AD,h,9.00886873359709,0.333360143049232,1.95655393238207,-0.0271070567447837,0.333360143049232,0
GFM-MWT+AD,h,10.1081169714799,0.333249417538638,1.95575879842729,-0.027109068654849,0.333249417538638,0
GFM-MWT+AD,h,11.3414937802433,0.333018440031777,1.95485882102187,-0.0271027556264297,0.333018440031777,0
GFM-MWT+AD,h,12.7253653207839,0.332621377323142,1.95383970991196,-0.0270845737503999,0.332621377323142,0
GFM-MWT+AD,h,14.2780947276538,0.331997416938214,1.95268530725488,-0.02704977364464,0.331997416938214,0
GFM-MWT+AD,h,16.0202857766991,0.331066074349346,1.95137745831126,-0.0269920122658337,0.331066074349346,0
GFM-MWT+AD,h,17.9750562846477,0.329721086141699,1.94989596301636,-0.0269028439961079,0.329721086141699,0
GFM-MWT+AD,h,20.1683448684912,0.327822538589782,1.94821867889908,-0.0267710592237175,0.327822538589782,0
GFM-MWT+AD,h,22.6292551351734,0.3251868253336,1.94632187111257,-0.0265818327908403,0.3251868253336,0
GFM-MWT+AD,h,25.390441868772,0.321574061443061,1.94418098241867,-0.0263156451970568,0.321574061443061,0
GFM-MWT+AD,h,28.4885443396435,0.316672742481077,1.94177207069585,-0.0259469504410651,0.316672742481077,0
GFM-MWT+AD,h,31.9646724852797,0.310081804536717,1.93907426848492,-0.0254425924130435,0.310081804536717,0
GFM-MWT+AD,h,35.864952414202,0.30129096790352,1.93607370963064,-0.0247600314331026,0.30129096790352,0
GFM-MWT+AD,h,40.2411384713964,0.289661930731747,1.9327696314426,-0.0238455833867773,0.289661930731747,0
GFM-MWT+AD,h,45.1512999870275,0.274415224106507,1.9291833026522,-0.0226330756690413,0.274415224106507,0
GFM-MWT+AD,h,50.6605918211689,0.254631726244812,1.92537052956407,-0.0210437020264841,0.254631726244812,0
GFM-MWT+AD,h,56.8421189292106,0.229283383805329,1.92143807369669,-0.0189883843398606,0.229283383805329,0
GFM-MWT+AD,h,63.7779064202013,0.197315293144456,1.91756339288442,-0.0163746835927777,0.197315293144456,0
GFM-MWT+AD,h,71.5599879802095,0.157808470845913,1.91401488116565,-0.0131210244756844,0.157808470845913,0
GFM-MWT+AD,h,80.2916271034217,0.110255768759413,1.91116578626273,-0.00918131284369398,0.110255768759413,0
GFM-MWT+AD,h,90.0886873359709,0.0549675600617966,1.9094883170124,-0.00458147190615892,0.0549675600617966,0
GFM-MWT+AD,h,101.081169714799,-0.00643561349676791,1.9095067474667,0.000536400069727851,-0.00643561349676791,1
GFM-MWT+AD,h,113.414937802433,-0.0706233670662937,1.91168716602456,0.00587955178282696,-0.0153630559822139,1
GFM-MWT+AD,h,127.253653207839,-0.13260862456118,1.91626487262047,0.0110131112044135,-0.015363049635173,1
GFM-MWT+AD,h,142.780947276538,-0.186639884198239,1.92307069231043,0.0154446309389591,-0.0153630427396115,1
GFM-MWT+AD,h,160.202857766991,-0.227889940930949,1.93147820148296,0.0187749556032172,-0.0153630366323595,1
GFM-MWT+AD,h,179.750562846477,-0.254127484984708,1.94056381648473,0.0208376880870143,-0.0153630283498904,1
GFM-MWT+AD,h,201.683448684912,-0.266242342656498,1.94941900430207,0.0217314892014496,-0.0153630195564733,1
GFM-MWT+AD,h,226.292551351734,-0.267290048735975,1.9574148441117,0.0217278875359834,-0.0153630093737341,1
GFM-MWT+AD,h,253.90441868772,-0.260924976088533,1.96427232370632,0.0211366936112443,-0.0153629967991563,1
GFM-MWT+AD,h,284.885443396435,-0.250283904395277,1.96997424212123,0.0202163961144946,-0.0153629843604399,1
GFM-MWT+AD,h,319.646724852797,-0.237611328173448,1.9746394244673,0.0191478422320317,-0.0153629694395784,1
GFM-MWT+AD,h,358.64952414202,-0.22434065468762,1.9784316103423,0.0180441471238231,-0.0153629536623228,1
GFM-MWT+AD,h,402.411384713965,-0.211314643318074,1.98151205821491,0.0169703367172349,-0.0153629323702082,1
GFM-MWT+AD,h,451.512999870275,-0.198989965544496,1.98402101910817,0.0159606184717259,-0.0153629131301447,1
GFM-MWT+AD,h,506.605918211689,-0.187585687267205,1.98607368633412,0.015030568595997,-0.01536289134685,1
GFM-MWT+AD,h,568.421189292106,-0.177180397826181,1.98776210722101,0.0141849464156918,-0.0153628633165055,1
GFM-MWT+AD,h,637.779064202013,-0.167772690866509,1.98915892050472,0.0134224808992237,-0.0153628339822018,1
GFM-MWT+AD,h,715.599879802095,-0.159317808738563,1.99032120150352,0.0127387274669026,-0.0153627994295848,1
GFM-MWT+AD,h,802.916271034217,-0.15174945968669,1.99129381043432,0.0121277434241057,-0.015362763063314,1
GFM-MWT+AD,h,900.886873359709,-0.144992595532132,1.99211211081591,0.0115830530189118,-0.0153627226397629,1
GFM-MWT+AD,h,1010.81169714799,-0.138970728150551,1.99280410541333,0.0110981887787944,-0.0153626758739932,1
GFM-MWT+AD,h,1134.14937802433,-0.133609969120821,1.99339208750119,0.0106669818421247,-0.0153626225186292,1
GFM-MWT+AD,h,1272.53653207839,-0.128841112925993,1.99389390866467,0.0102837044599216,-0.0153625630836488,1
GFM-MWT+AD,h,1427.80947276538,-0.124600568709933,1.99432395010923,0.00994312689441818,-0.0153624999411821,1
GFM-MWT+AD,h,1602.02857766991,-0.120830619644131,1.99469386788069,0.0096405253106181,-0.0153624253865037,1
GFM-MWT+AD,h,1797.50562846477,-0.117479301538642,1.99501316650827,0.00937166268774367,-0.0153623404859465,1
GFM-MWT+AD,h,2016.83448684912,-0.114500082862699,1.99528964190674,0.00913275636669576,-0.0153622462582012,1
GFM-MWT+AD,h,2262.92551351734,-0.111851446670481,1.99552972528904,0.00892043957606325,-0.0153621451332164,1
GFM-MWT+AD,h,2539.04418687721,-0.109496439724311,1.9957387513662,0.00873172165909101,-0.0153620292282023,1
GFM-MWT+AD,h,2848.85443396435,-0.107402219879166,1.99592116894942,0.00856394912517999,-0.0153618939042167,1
GFM-MWT+AD,h,3196.46724852797,-0.105539627761722,1.99608070680852,0.00841476934937234,-0.0153617475689279,1
GFM-MWT+AD,h,3586.49524142021,-0.103882787869516,1.99622050527954,0.0082820971417072,-0.0153615819144512,1
GFM-MWT+AD,h,4024.11384713965,-0.102408744593838,1.99634322120962,0.00816408449095906,-0.0153613951786327,1
GFM-MWT+AD,h,4515.12999870275,-0.101097134014852,1.99645111206153,0.00805909345190993,-0.0153611908502129,1
GFM-MWT+AD,h,5066.05918211689,-0.0999298903035694,1.9965461036779,0.00796567201064406,-0.0153609525447367,1
GFM-MWT+AD,h,5684.21189292106,-0.0988909831871002,1.99662984525177,0.00788253259140308,-0.0153606917495592,1
GFM-MWT+AD,h,6377.79064202013,-0.0979661860612999,1.996703754002,0.00780853313269263,-0.0153603971569477,1
GFM-MWT+AD,h,7155.99879802095,-0.097142869539004,1.99676905181685,0.00774266028667683,-0.0153600671872352,1
GFM-MWT+AD,h,8029.16271034218,-0.0964098192307534,1.99682679536219,0.00768401462410354,-0.0153596954705892,1
GFM-MWT+AD,h,9008.86873359709,-0.0957570743967865,1.99687790098845,0.00763179755971537,-0.0153592817892449,1
GFM-MWT+AD,h,10108.1169714799,-0.0951757853240158,1.99692316541898,0.00758529981434132,-0.0153588145646714,1
GFM-MWT+AD,h,11341.4937802433,-0.094658087497703,1.99696328299548,0.00754389125010884,-0.015358291222269,1
GFM-MWT+AD,h,12725.3653207839,-0.0941969900716893,1.99699886015376,0.00750701187217915,-0.0153577073364802,1
GFM-MWT+AD,h,14278.0947276538,-0.0937862772394834,1.99703042761026,0.00747416387993167,-0.0153570492872406,1
GFM-MWT+AD,h,16020.2857766991,-0.0934204212653917,1.99705845064219,0.00744490466431739,-0.0153563078041582,1
GFM-MWT+AD,h,17975.0562846477,-0.0930945052083094,1.99708333783388,0.00741884059094488,-0.0153554832917952,1
GFM-MWT+AD,h,20168.3448684912,-0.0928041545665117,1.99710544852378,0.00739562150480147,-0.0140853504658267,1
GFM-MWT+AD,h,22629.2551351734,-0.0925454768355329,1.99712509915879,0.00737493587418751,-0.0117208806414445,1
GFM-MWT+AD,h,25390.4418687721,-0.0923150077951303,1.99714256876347,0.00735650647771512,-0.00961388795408342,1
GFM-MWT+AD,h,28488.5443396435,-0.0921096639775907,1.99715810362982,0.00734008658953756,-0.00773633816065003,1
GFM-MWT+AD,h,31964.6724852797,-0.0919267004112996,1.99717192138114,0.00732545658942369,-0.00606326074994089,1
GFM-MWT+AD,h,35864.9524142021,-0.0917636732266464,1.99718421447583,0.00731242096405124,-0.00457241313162879,1
GFM-MWT+AD,h,40241.1384713965,-0.0916184063330879,1.99719515326084,0.0073008056356969,-0.00324396238977027,1
GFM-MWT+AD,h,45151.2999870275,-0.0914889619443986,1.99720488861585,0.0072904556001137,-0.00206026914399307,1
GFM-MWT+AD,h,50660.5918211689,-0.0913736142917521,1.99721355426976,0.00728123282044991,-0.00100559246253161,1
GFM-MWT,mp,1.5707963267949e-08,-0.0903672094844077,1.99735080432656,0.00720054544193949,-0.0199142989941485,1
GFM-MWT,mp,1.76246246661361e-08,-0.0903564610792553,1.99735883358845,0.00719966010234728,-0.0190557187681931,1
GFM-MWT,mp,1.97751541255503e-08,-0.0903435846588327,1.99736780748248,0.00719860181339638,-0.0184182335876635,1
GFM-MWT,mp,2.2188087865533e-08,-0.0903281170743523,1.99737782844891,0.00719733330806551,-0.0179237190463925,1
GFM-MWT,mp,2.48954440508015e-08,-0.0903094903101014,1.99738900663737,0.00719580893786232,-0.0175287767757669,1
GFM-MWT,mp,2.79331476530414e-08,-0.0902870085419079,1.99740145905295,0.00719397284865116,-0.0172067408442879,1
GFM-MWT,mp,3.1341507153454e-08,-0.0902598210491329,1.99741530794298,0.00719175682906102,-0.0169400626275982,1
GFM-MWT,mp,3.51657494118124e-08,-0.0902268908311749,1.99743067811635,0.00718907782076919,-0.0167165614723699,1
GFM-MWT,mp,3.94566197994119e-08,-0.090186959107772,1.9974476927852,0.0071858351064862,-0.0165274637983315,1
GFM-MWT,mp,4.42710555593164e-08,-0.0901385066698153,1.99746646740897,0.00718190725459335,-0.016366244089185,1
GFM-MWT,mp,4.96729413289805e-08,-0.0900797140979488,1.99748710092778,0.00717714898339428,-0.0162279221197198,1
GFM-MWT,mp,5.57339568505748e-08,-0.0900084246551887,1.99750966364266,0.00717138825087541,-0.0161086293468229,1
GFM-MWT,mp,6.25345281176143e-08,-0.0899221161908348,1.99753418102213,0.00716442407731913,-0.0160052990073471,1
GFM-MWT,mp,7.01648945790282e-08,-0.08981789178846,1.99756061279515,0.00715602587813164,-0.0159154592718608,1
GFM-MWT,mp,7.87263065618215e-08,-0.0896925030787475,1.99758882708375,0.00714593541615662,-0.0158371035834521,1
GFM-MWT,mp,8.83323688013975e-08,-0.0895424248464393,1.9976185701131,0.00713387285457898,-0.0157685800846325,1
GFM-MWT,mp,9.91105479073749e-08,-0.089364003190636,1.99764943337195,0.00711954867536334,-0.0157085174663998,1
GFM-MWT,mp,1.11203863768054e-07,-0.0891536999503481,1.99768082223671,0.00710268325605634,-0.0156557604599489,1
GFM-MWT,mp,1.24772787337438e-07,-0.0889084500452166,1.99771193259237,0.00708303540570122,-0.0156093398067896,1
GFM-MWT,mp,1.39997369987299e-07,-0.0886261315024983,1.99774174486892,0.00706043980641786,-0.015568432731924,1
GFM-MWT,mp,1.5707963267949e-07,-0.0883061168670414,1.99776904660609,0.00703485082789677,-0.0155323438161466,1
GFM-MWT,mp,1.76246246661361e-07,-0.0879498318953527,1.99779249383091,0.00700638677977382,-0.0155004550193747,1
GFM-MWT,mp,1.97751541255503e-07,-0.0875612011859976,1.99781071575029,0.00697536500815907,-0.0154722624784555,1
GFM-MWT,mp,2.2188087865533e-07,-0.0871468347862328,1.99782245722292,0.00694231624183472,-0.0154473081983973,1
GFM-MWT,mp,2.48954440508015e-07,-0.0867158236013905,1.99782673863737,0.00690796774395554,-0.015425205172337,1
GFM-MWT,mp,2.79331476530414e-07,-0.0862790885334205,1.99782300121946,0.00687319100059644,-0.0154056084344554,1
GFM-MWT,mp,3.1341507153454e-07,-0.0858483486073899,1.99781120153134,0.00683891926508292,-0.015388228313873,1
GFM-MWT,mp,3.51657494118124e-07,-0.0854348993969752,1.99779182867988,0.00680605027085206,-0.0153728062508092,1
GFM-MWT,mp,3.94566197994119e-07,-0.0850484629833136,1.99776583780007,0.00677535491957445,-0.0153591132342688,1
GFM-MWT,mp,4.42710555593164e-07,-0.0846963485717187,1.99773451733106,0.00674741091194111,-0.0153469460367927,1
GFM-MWT,mp,4.96729413289805e-07,-0.0843830610659987,1.99769932368465,0.00672257213526419,-0.0153361426327369,1
GFM-MWT,mp,5.57339568505748e-07,-0.0841103565282806,1.99766172079643,0.00670097360072165,-0.0153265308769661,1
GFM-MWT,mp,6.25345281176143e-07,-0.0838776422463026,1.99762305162877,0.00668256370551526,-0.0153179899468035,1
GFM-MWT,mp,7.01648945790283e-07,-0.0836825596598189,1.9975844562449,0.00666715090118424,-0.0153103927392123,1
GFM-MWT,mp,7.87263065618215e-07,-0.083521607971593,1.99754683490423,0.00665445345871609,-0.0153036338828255,1
GFM-MWT,mp,8.83323688013975e-07,-0.0833907009241007,1.99751084756208,0.00664414379933118,-0.0152976244266324,1
GFM-MWT,mp,9.9110547907375e-07,-0.0832856023258989,1.99747693719389,0.00663588309831702,-0.015292271581552,1
GFM-MWT,mp,1.11203863768054e-06,-0.0832022322395737,1.99744536503245,0.00662934555488685,-0.0152875068540774,1
GFM-MWT,mp,1.24772787337438e-06,-0.0831368529049348,1.99741624936502,0.00662423307544005,-0.0152832666471942,1
GFM-MWT,mp,1.39997369987299e-06,-0.0830861620860733,1.99738960204149,0.00662028259259925,-0.0152794950372241,1
GFM-MWT,mp,1.5707963267949e-06,-0.0830473205812049,1.99736535993462,0.00661726815726766,-0.0152761325544926,1
GFM-MWT,mp,1.76246246661361e-06,-0.083017939648542,1.99734341029587,0.00661499985762334,-0.0152731403231435,1
GFM-MWT,mp,1.97751541255503e-06,-0.0829960410816817,1.99732361037014,0.00661332057757812,-0.0152704735567608,1
GFM-MWT,mp,2.2188087865533e-06,-0.082980009215856,1.99730580179202,0.00661210212888335,-0.0152680959837265,1
GFM-MWT,mp,2.48954440508015e-06,-0.0829685387249793,1.99728982082758,0.00661124106082504,-0.0152659840561053,1
GFM-MWT,mp,2.79331476530414e-06,-0.0829605837288092,1.99727550538287,0.00661065458427703,-0.015264102162422,1
GFM-MWT,mp,3.1341507153454e-06,-0.082955313418055,1.9972626995055,0.00661027702277982,-0.0152624244382427,1
GFM-MWT,mp,3.51657494118124e-06,-0.0829520723389621,1.99725125613571,0.00661005664018658,-0.0152609307627999,1
GFM-MWT,mp,3.94566197994119e-06,-0.0829503464381073,1.99724103859445,0.00660995293108459,-0.0152595975709418,1
GFM-MWT,mp,4.42710555593164e-06,-0.0829497354968167,1.99723192118527,0.00660993442299792,-0.0152584106404223,1
GFM-MWT,mp,4.96729413289805e-06,-0.0829499295977814,1.99722378923137,0.00660997680154228,-0.0152573537841738,1
GFM-MWT,mp,5.57339568505748e-06,-0.0829506901993161,1.99721653872529,0.00661006140385759,-0.0152564121252245,1
GFM-MWT,mp,6.25345281176143e-06,-0.0829518354353271,1.9972100757671,0.00661017404934884,-0.0152555730717706,1
GFM-MWT,mp,7.01648945790283e-06,-0.0829532274046866,1.99720431586826,0.00661030402931743,-0.0152548236459581,1
GFM-MWT,mp,7.87263065618215e-06,-0.0829547633709071,1.99719918321343,0.0066104434082648,-0.0152541592183435,1
GFM-MWT,mp,8.83323688013975e-06,-0.0829563663460667,1.99719460989264,0.00661058627619238,-0.0152535613479251,1
GFM-MWT,mp,9.9110547907375e-06,-0.0829579814502229,1.99719053518926,0.00661072846090448,-0.0152530330370652,1
GFM-MWT,mp,1.11203863768054e-05,-0.0829595686743929,1.99718690485613,0.0066108669537565,-0.015252561773345,1
GFM-MWT,mp,1.24772787337438e-05,-0.0829611005552066,1.99718367048402,0.00661099972646732,-0.015252139513318,1
GFM-MWT,mp,1.39997369987299e-05,-0.0829625592957832,1.99718078889726,0.00661112550370846,-0.00190782315759516,1
GFM-MWT,mp,1.5707963267949e-05,-0.082963933262687,1.9971782215978,0.00661124348581066,0.010065508753141,0
GFM-MWT,mp,1.76246246661361e-05,-0.0829652164069922,1.99717593427717,0.00661135330424903,0.0207378104960243,0
GFM-MWT,mp,1.97751541255503e-05,-0.0829664068611274,1.99717389637544,0.00661145491129363,0.0302503482903074,0
GFM-MWT,mp,2.21880878655331e-05,-0.0829675046362132,1.99717208065224,0.00661154839794144,0.0387290638532607,0
GFM-MWT,mp,2.48954440508016e-05,-0.0829685126835801,1.99717046286151,0.00661163407957906,0.0462862520361524,0
GFM-MWT,mp,2.79331476530414e-05,-0.0829694342793565,1.997169021389,0.00661171228877224,0.0530220111338542,0
GFM-MWT,mp,3.1341507153454e-05,-0.0829702744335721,1.99716773699838,0.00661178348838948,0.0590255971205913,0
GFM-MWT,mp,3.51657494118124e-05,-0.0829710375997606,1.9971665925387,0.00661184809005863,0.0643765478444852,0
GFM-MWT,mp,3.94566197994119e-05,-0.082971729608808,1.99716557275329,0.00661190660889725,0.0691457963214301,0
GFM-MWT,mp,4.42710555593164e-05,-0.0829723555314213,1.99716466403959,0.00661195949397714,0.0733965514466368,0
GFM-MWT,mp,4.96729413289805e-05,-0.0829729209181431,1.99716385429087,0.00661200722765812,0.0771851733096955,0
GFM-MWT,mp,5.57339568505748e-05,-0.0829734306474919,1.99716313271346,0.00661205023440631,0.0805618921811848,0
GFM-MWT,mp,6.25345281176143e-05,-0.0829738894927866,1.99716248969668,0.00661208892639132,0.0835714695186557,0
GFM-MWT,mp,7.01648945790283e-05,-0.0829743023122984,1.99716191668429,0.00661212371906379,0.086253828771468,0
GFM-MWT,mp,7.87263065618215e-05,-0.0829746730007113,1.99716140604237,0.00661215494803905,0.0886445267332017,0
GFM-MWT,mp,8.83323688013975e-05,-0.0829750058657956,1.99716095098245,0.00661218297905199,0.0907752857574474,0
GFM-MWT,mp,9.9110547907375e-05,-0.0829753042011336,1.9971605454441,0.00661220809461242,0.0926743561450099,0
GFM-MWT,mp,0.000111203863768054,-0.0829755715988854,1.9971601840389,0.00661223059879875,0.0943669286870305,0
GFM-MWT,mp,0.000124772787337438,-0.0829758110208086,1.99715986195947,0.00661225074353261,0.095875451755826,0
GFM-MWT,mp,0.000139997369987299,-0.0829760254547939,1.99715957492765,0.00661226878106669,0.0972199461301393,0
GFM-MWT,mp,0.00015707963267949,-0.0829762172059177,1.99715931912374,0.00661228490772604,0.0984182360858993,0
GFM-MWT+AD,mp,1.5707963267949e-08,-0.0879422230417681,1.99632358597389,0.00701093530763456,-0.0201286168056447,1
GFM-MWT+AD,mp,1.76246246661361e-08,-0.0876844287446557,1.99620393658354,0.0069908033930008,-0.0192366850744461,1
GFM-MWT+AD,mp,1.97751541255503e-08,-0.0874071971455227,1.9960691876899,0.00696917207982838,-0.0185780784036892,1
GFM-MWT+AD,mp,2.2188087865533e-08,-0.0871113249785115,1.99591742218566,0.00694611077012072,-0.0180689653908837,1
GFM-MWT+AD,mp,2.48954440508015e-08,-0.0867985341818829,1.99574649240974,0.00692176330352887,-0.0176633468778821,1
GFM-MWT+AD,mp,2.79331476530414e-08,-0.0864717934195038,1.99555400221061,0.00689637367448661,-0.0173331908963785,1
GFM-MWT+AD,mp,3.1341507153454e-08,-0.0861357251164299,1.99533729302412,0.00687031858411766,-0.017060148277115,1
GFM-MWT+AD,mp,3.51657494118124e-08,-0.0857971148188199,1.99509343753739,0.00684414817307379,-0.0168315565891531,1
GFM-MWT+AD,mp,3.94566197994119e-08,-0.0854655390017485,1.99481924579837,0.00681863623015839,-0.0166383139661993,1
GFM-MWT+AD,mp,4.42710555593164e-08,-0.0851541251255128,1.99451129076868,0.00679484098904238,-0.0164736767253529,1
GFM-MWT+AD,mp,4.96729413289805e-08,-0.0848804494336273,1.99416596299532,0.00677417696551394,-0.016332497015399,1
GFM-MWT+AD,mp,5.57339568505748e-08,-0.0846675648185469,1.99377956655823,0.00675849724124373,-0.0162108033249024,1
GFM-MWT+AD,mp,6.25345281176143e-08,-0.0845451210117891,1.99334847235144,0.00675018319700763,-0.0161054303384028,1
GFM-MWT+AD,mp,7.01648945790282e-08,-0.0845505039075367,1.99286934663362,0.00675223586284781,-0.0160138421354184,1
GFM-MWT+AD,mp,7.87263065618215e-08,-0.0847298553574927,1.99233947431979,0.006768357800185,-0.0159339934975865,1
GFM-MWT+AD,mp,8.83323688013975e-08,-0.0851387499220359,1.99175719327861,0.00680300760645928,-0.0158641754972169,1
GFM-MWT+AD,mp,9.91105479073749e-08,-0.0858422181363085,1.99112244732599,0.00686140209827828,-0.0158029889209373,1
GFM-MWT+AD,mp,1.11203863768054e-07,-0.0869136877651959,1.99043744510748,0.00694943166224342,-0.015749260321636,1
GFM-MWT+AD,mp,1.24772787337438e-07,-0.0884323614232521,1.98970738083167,0.00707344983623875,-0.0157019891818337,1
GFM-MWT+AD,mp,1.39997369987299e-07,-0.0904785733184217,1.98894112626425,0.00723989996144306,-0.0156603424921381,1
GFM-MWT+AD,mp,1.5707963267949e-07,-0.0931268421189313,1.98815174955361,0.00745475561019668,-0.0156236023727498,1
GFM-MWT+AD,mp,1.76246246661361e-07,-0.0964367738221936,1.98735666912782,0.00772278664482472,-0.0155911442832404,1
GFM-MWT+AD,mp,1.97751541255503e-07,-0.10044262738614,1.9865772396245,0.00804671611879129,-0.0155624483110802,1
GFM-MWT+AD,mp,2.2188087865533e-07,-0.105143125438657,1.9858376097912,0.00842639597478559,-0.0155370460101317,1
GFM-MWT+AD,mp,2.48954440508015e-07,-0.110493804360558,1.98516283357409,0.00885818779383592,-0.0155145554315016,1
GFM-MWT+AD,mp,2.79331476530414e-07,-0.116404283994071,1.98457640788453,0.00933474263616295,-0.015494611572686,1
GFM-MWT+AD,mp,3.1341507153454e-07,-0.122742262278191,1.98409764662654,0.00984532742524451,-0.0154769282812371,1
GFM-MWT+AD,mp,3.51657494118124e-07,-0.129344418866482,1.98373941801827,0.0103767133459143,-0.015461232787413,1
GFM-MWT+AD,mp,3.94566197994119e-07,-0.136032602520509,1.98350677162785,0.0109144933749452,-0.0154473016587829,1
GFM-MWT+AD,mp,4.42710555593164e-07,-0.142632018679851,1.98339675128932,0.0114445605066353,-0.0154349246792481,1
GFM-MWT+AD,mp,4.96729413289805e-07,-0.148987687983792,1.98339938663413,0.0119544418372398,-0.015423932237054,1
GFM-MWT+AD,mp,5.57339568505748e-07,-0.15497615099805,1.98349953558314,0.0124342422203727,-0.0154141567103286,1
GFM-MWT+AD,mp,6.25345281176143e-07,-0.160511040720484,1.98367910810677,0.0128770864895632,-0.0154054678529116,1
GFM-MWT+AD,mp,7.01648945790283e-07,-0.165542844070757,1.98391918762907,0.0132790887118925,-0.0153977422245561,1
GFM-MWT+AD,mp,7.87263065618215e-07,-0.170054391106096,1.98420173079009,0.0136389758481372,-0.0153908641658687,1
GFM-MWT+AD,mp,8.83323688013975e-07,-0.174054005036613,1.98451070621404,0.0139575245141638,-0.0153847487901305,1
GFM-MWT+AD,mp,9.9110547907375e-07,-0.177568093379028,1.98483267672162,0.0142369560291784,-0.0153793027261409,1
GFM-MWT+AD,mp,1.11203863768054e-06,-0.180634338787737,1.98515695270883,0.0144803833581808,-0.0153744596804686,1
GFM-MWT+AD,mp,1.24772787337438e-06,-0.183296174001525,1.98547543924797,0.0146913646755875,-0.0153701468002807,1
GFM-MWT+AD,mp,1.39997369987299e-06,-0.185598655884279,1.98578232323466,0.0148735718109654,-0.0153663102776452,1
GFM-MWT+AD,mp,1.5707963267949e-06,-0.187585687267205,1.98607368633412,0.015030568595997,-0.01536289134685,1
GFM-MWT+AD,mp,1.76246246661361e-06,-0.189298287788011,1.98634712128567,0.0151656742374336,-0.0153598452026171,1
GFM-MWT+AD,mp,1.97751541255503e-06,-0.190773698942098,1.98660137880708,0.0152818939590498,-0.0153571334100198,1
GFM-MWT+AD,mp,2.2188087865533e-06,-0.192045041165981,1.98683606769858,0.0153818938615111,-0.0153547149797642,1
GFM-MWT+AD,mp,2.48954440508015e-06,-0.193141319179477,1.98705141258507,0.0154680034484814,-0.015352568335634,1
GFM-MWT+AD,mp,2.79331476530414e-06,-0.194087684354428,1.98724805812311,0.0155422384702148,-0.0153506531702901,1
GFM-MWT+AD,mp,3.1341507153454e-06,-0.194905760327375,1.98742692476081,0.0156063284510622,-0.0153489462176794,1
GFM-MWT+AD,mp,3.51657494118124e-06,-0.195614044649794,1.98758909751541,0.0156617500281202,-0.0153474254081041,1
GFM-MWT+AD,mp,3.94566197994119e-06,-0.196228304324953,1.98773574560335,0.0157097595211716,-0.0153460698906604,1
GFM-MWT+AD,mp,4.42710555593164e-06,-0.196761952020618,1.987868064913,0.0157514237329357,-0.0153448624740728,1
GFM-MWT+AD,mp,4.96729413289805e-06,-0.197226385328706,1.98798723826494,0.0157876476090958,-0.0153437870240778,1
GFM-MWT+AD,mp,5.57339568505748e-06,-0.197631287029574,1.9880944087901,0.0158191986357653,-0.0153428299842122,1
GFM-MWT+AD,mp,6.25345281176143e-06,-0.197984891893671,1.98819066250669,0.0158467284536438,-0.015341975735231,1
GFM-MWT+AD,mp,7.01648945790283e-06,-0.198294205616009,1.98827701886542,0.015870790551462,-0.0153412151844192,1
GFM-MWT+AD,mp,7.87263065618215e-06,-0.198565199860913,1.9883544254234,0.0158918559931822,-0.0153405377454826,1
GFM-MWT+AD,mp,8.83323688013975e-06,-0.198802976651726,1.98842375618455,0.0159103266455961,-0.0153399305879386,1
GFM-MWT+AD,mp,9.9110547907375e-06,-0.199011892140965,1.98848581358053,0.0159265451129993,-0.0153393940848251,1
GFM-MWT+AD,mp,1.11203863768054e-05,-0.199195690846574,1.9885413293506,0.0159408055072714,-0.0153389148120265,1
GFM-MWT+AD,mp,1.24772787337438e-05,-0.199357588888292,1.98859096915641,0.015953360099097,-0.0153152106604189,1
GFM-MWT+AD,mp,1.39997369987299e-05,-0.199500353492593,1.98863533675862,0.0159644256676615,-0.00179177113931278,1
GFM-MWT+AD,mp,1.5707963267949e-05,-0.199626367487939,1.98867497859092,0.0159741886412102,0.0102624079308884,0
GFM-MWT+AD,mp,1.76246246661361e-05,-0.199737712815667,1.98871038619407,0.0159828117720162,0.021006776481278,0
GFM-MWT+AD,mp,1.97751541255503e-05,-0.199836175490077,1.9887420038926,0.0159904344820592,0.0305835654765419,0
GFM-MWT+AD,mp,2.21880878655331e-05,-0.19992331616912,1.98877023062908,0.0159971785021204,0.0391195503566802,0
GFM-MWT+AD,mp,2.48954440508016e-05,-0.200000484520839,1.9887954255491,0.0160031489825759,0.0467277997144906,0
GFM-MWT+AD,mp,2.79331476530414e-05,-0.20006887300324,1.98881790978726,0.0160084387862324,0.0535090679059637,0
GFM-MWT+AD,mp,3.1341507153454e-05,-0.200129511772031,1.98883797221518,0.0160131280386458,0.0595532159321664,0
GFM-MWT+AD,mp,3.51657494118124e-05,-0.200183314602635,1.98885587073507,0.0160172877942954,0.0649403133874546,0
GFM-MWT+AD,mp,3.94566197994119e-05,-0.200231061528395,1.98887183783454,0.016020978605462,0.0697417961698881,0
GFM-MWT+AD,mp,4.42710555593164e-05,-0.200273466332829,1.9888860794335,0.0160242559322919,0.0740212691264739,0
GFM-MWT+AD,mp,4.96729413289805e-05,-0.200311130914412,1.98889878157534,0.0160271664399325,0.0778354902826033,0
GFM-MWT+AD,mp,5.57339568505748e-05,-0.200344601468265,1.98891010942776,0.016029752501826,0.0812350216735726,0
GFM-MWT+AD,mp,6.25345281176143e-05,-0.200374355645981,1.98892021085487,0.016032051144738,0.0842649316585809,0
GFM-MWT+AD,mp,7.01648945790283e-05,-0.200400806780213,1.98892921855005,0.0160340943702388,0.0869654141194797,0
GFM-MWT+AD,mp,7.87263065618215e-05,-0.200424335449722,1.9889372499268,0.0160359116810388,0.0893722665357737,0
GFM-MWT+AD,mp,8.83323688013975e-05,-0.200445269030342,1.98894441046702,0.0160375284187385,0.0915174106874215,0
GFM-MWT+AD,mp,9.9110547907375e-05,-0.200463890523071,1.98895079480423,0.0160389664616182,0.0934293087872557,0
GFM-MWT+AD,mp,0.000111203863768054,-0.200480462102087,1.98895648660441,0.0160402461094598,0.0951333192520364,0
GFM-MWT+AD,mp,0.000124772787337438,-0.200495214949718,1.98896156058778,0.0160413852543761,0.0966520322901031,0
GFM-MWT+AD,mp,0.000139997369987299,-0.200508343848679,1.98896608414108,0.0160423989354346,0.0980056092503432,0
GFM-MWT+AD,mp,0.00015707963267949,-0.200520032795553,1.98897011661764,0.0160433013932196,0.099211997501653,0
GFM-MWT,k_pdc,0.005,-0.083013084607741,1.99743049760324,0.00661432463495455,0.366493153206112,0
GFM-MWT,k_pdc,0.00561009227150982,-0.0830130574039933,1.99743041645816,0.00661432273619988,0.356923864368756,0
GFM-MWT,k_pdc,0.00629462705897083,-0.0830130266755426,1.99743032542569,0.00661432058935546,0.346186684794663,0
GFM-MWT,k_pdc,0.00706268772311377,-0.083012992734614,1.9974302232733,0.00661431822337895,0.334139042688459,0
GFM-MWT,k_pdc,0.00792446596230557,-0.0830129548510311,1.99743010865631,0.00661431558454633,0.320620952338597,0
GFM-MWT,k_pdc,0.00889139705019461,-0.083012912938892,1.99742998004482,0.00661431267107918,0.305452884801471,0
GFM-MWT,k_pdc,0.00997631157484439,-0.0830128661195522,1.99742983574592,0.00661430941857744,0.288433377500733,0
GFM-MWT,k_pdc,0.0111936056928417,-0.0830128146039259,1.9974296738223,0.00661430585026032,0.269336350787547,0
GFM-MWT,k_pdc,0.0125594321575479,-0.0830127572196589,1.99742949214774,0.00661430187976128,0.247908095057966,0
GFM-MWT,k_pdc,0.0140919146563223,-0.0830126941984946,1.99742928828555,0.00661429753361266,0.223863888058553,0
GFM-MWT,k_pdc,0.0158113883008419,-0.0830126246208488,1.99742905954082,0.00661429274747019,0.19688419631339,0
GFM-MWT,k_pdc,0.0177406694616788,-0.0830125482342108,1.99742880287302,0.0066142875112828,0.166610409483564,0
GFM-MWT,k_pdc,0.0199053585276749,-0.0830124645462478,1.99742851487152,0.00661428179711706,0.132640049370668,0
GFM-MWT,k_pdc,0.0223341796075482,-0.0830123735415024,1.99742819169747,0.00661427561645237,0.0945213885466885,0
GFM-MWT,k_pdc,0.0250593616813636,-0.0830122742772171,1.99742782908251,0.00661426890830782,0.051747404790234,0
GFM-MWT,k_pdc,0.0281170662595175,-0.0830121671835738,1.99742742218743,0.00661426172298121,0.00374898849511049,0
GFM-MWT,k_pdc,0.0315478672240097,-0.0830120523578196,1.99742696560298,0.00661425408613116,-0.0152761332540348,1
GFM-MWT,k_pdc,0.0353972892192069,-0.0830119300231058,1.99742645327048,0.00661424603559811,-0.0152761337257047,1
GFM-MWT,k_pdc,0.0397164117362141,-0.0830118008610384,1.99742587838195,0.00661423764823072,-0.0152761324823021,1
GFM-MWT,k_pdc,0.0445625469066873,-0.0830116664503447,1.99742523328832,0.00661422907514056,-0.0152761344156181,1
GFM-MWT,k_pdc,0.05,-0.0830115286160024,1.99742450942849,0.00661422049007914,-0.0152761345697367,1
GFM-MWT,k_pdc,0.0561009227150982,-0.0830113904086635,1.99742369718538,0.0066142121679501,-0.0152761345189078,1
GFM-MWT,k_pdc,0.0629462705897084,-0.0830112558926419,1.99742278578001,0.00661420446826819,-0.0152761326149071,1
GFM-MWT,k_pdc,0.0706268772311377,-0.0830111312171055,1.99742176310947,0.00661419792104319,-0.0152761339863994,1
GFM-MWT,k_pdc,0.0792446596230557,-0.0830110239378992,1.99742061563165,0.00661419317312876,-0.0152761330381239,1
GFM-MWT,k_pdc,0.0889139705019461,-0.0830109449547139,1.99741932815053,0.00661419114327797,-0.0152761329772392,1
GFM-MWT,k_pdc,0.099763115748444,-0.0830109082639013,1.99741788365481,0.0066141930029849,-0.0152761334494715,1
GFM-MWT,k_pdc,0.111936056928417,-0.0830109323727369,1.99741626310589,0.00661420028987008,-0.0152761329127621,1
GFM-MWT,k_pdc,0.125594321575479,-0.0830110416723476,1.99741444520645,0.00661421501783845,-0.015276131234102,1
GFM-MWT,k_pdc,0.140919146563223,-0.0830112680178627,1.99741240615448,0.00661423980379733,-0.0152761327258804,1
GFM-MWT,k_pdc,0.158113883008419,-0.0830116521243565,1.99741011941435,0.00661427797964348,-0.0152761346641216,1
GFM-MWT,k_pdc,0.177406694616788,-0.0830122465846027,1.99740755543379,0.00661433383365079,-0.0152761333508488,1
GFM-MWT,k_pdc,0.199053585276749,-0.083013119164911,1.99740468136633,0.00661441287400108,-0.0152761323299846,1
GFM-MWT,k_pdc,0.223341796075482,-0.0830143565830344,1.99740146083185,0.0066145221306045,-0.0152761329349375,1
GFM-MWT,k_pdc,0.250593616813636,-0.0830160690836764,1.99739785369369,0.0066146705204236,-0.0152761364456113,1
GFM-MWT,k_pdc,0.281170662595175,-0.0830183963751572,1.99739381590898,0.00661486932101905,-0.0152761358459128,1
GFM-MWT,k_pdc,0.315478672240097,-0.0830215157699831,1.99738929943457,0.00661513281952701,-0.0152761328369075,1
GFM-MWT,k_pdc,0.353972892192069,-0.0830256510099253,1.99738425233745,0.00661547901552368,-0.015276133889016,1
GFM-MWT,k_pdc,0.397164117362141,-0.0830310824181778,1.99737861917169,0.00661593042877641,-0.0152761354860764,1
GFM-MWT,k_pdc,0.445625469066873,-0.0830381604434054,1.99737234166321,0.00661651517627295,-0.0152761352831498,1
GFM-MWT,k_pdc,0.5,-0.0830473205812049,1.99736535993462,0.00661726815726766,-0.0152761325544926,1
GFM-MWT,k_pdc,0.561009227150982,-0.0830591007254419,1.99735761443364,0.00661823242967516,-0.0152761343078928,1
GFM-MWT,k_pdc,0.629462705897084,-0.0830741585342707,1.9973490488823,0.00661946058433936,-0.0152761337229409,1
GFM-MWT,k_pdc,0.706268772311377,-0.0830932913782618,1.99733961441696,0.0066210163211917,-0.0152761342513752,1
GFM-MWT,k_pdc,0.792446596230557,-0.0831174524098513,1.9973292754187,0.00662297571086271,-0.0152761318906703,1
GFM-MWT,k_pdc,0.889139705019461,-0.0831477636159141,1.9973180172231,0.00662542820976022,-0.0152761314790412,1
GFM-MWT,k_pdc,0.99763115748444,-0.08318551681778,1.99730585607347,0.00662847670738982,-0.0152761329436094,1
GFM-MWT,k_pdc,1.11936056928417,-0.0832321586417894,1.99729285122785,0.00663223628919741,-0.015276132639283,1
GFM-MWT,k_pdc,1.25594321575479,-0.0832892498674785,1.99727911878735,0.00663683095177832,-0.0152761321930045,1
GFM-MWT,k_pdc,1.40919146563223,-0.0833583875983722,1.99726484609909,0.00664238735320675,-0.0152761327995487,1
GFM-MWT,k_pdc,1.58113883008419,-0.0834410827369435,1.99725030448038,0.00664902500645192,-0.0152761321293257,1
GFM-MWT,k_pdc,1.77406694616788,-0.083538588441891,1.99723585684271,0.00665684258243816,-0.0152761334364131,1
GFM-MWT,k_pdc,1.99053585276749,-0.0836516843387149,1.99722195585325,0.0066659007171604,-0.0152761320952163,1
GFM-MWT,k_pdc,2.23341796075482,-0.0837804404007848,1.99720912790538,0.00667620324458996,-0.0152761333771374,1
GFM-MWT,k_pdc,2.50593616813636,-0.0839239990219254,1.99719793975245,0.00668767993630447,-0.0152761332657284,1
GFM-MWT,k_pdc,2.81170662595175,-0.0840804347845255,1.99718894786366,0.00670017549095839,-0.015276135339379,1
GFM-MWT,k_pdc,3.15478672240097,-0.0842467471886029,1.99718263610967,0.0067134491609552,-0.0152761329615328,1
GFM-MWT,k_pdc,3.53972892192069,-0.0844190291538569,1.9971793526226,0.00672718839342719,-0.0152761346549528,1
GFM-MWT,k_pdc,3.97164117362141,-0.0845928019958959,1.99717926020242,0.00674103569685899,-0.0152761338561463,1
GFM-MWT,k_pdc,4.45625469066873,-0.0847634692076782,1.99718231280734,0.00675462489111959,-0.0152761339772054,1
GFM-MWT,k_pdc,5,-0.0849267893193683,1.99718826459347,0.00676761876905615,-0.0152761341282829,1
GFM-MWT,k_pdc,5.61009227150982,-0.0850792716965467,1.99719670864606,0.00677974051461388,-0.0152761340882794,1
GFM-MWT,k_pdc,6.29462705897084,-0.0852184210469306,1.99720713484365,0.00679079299559988,-0.0152761335048002,1
GFM-MWT,k_pdc,7.06268772311377,-0.0853428069109134,1.99721899281047,0.00680066408762547,-0.0152761336121748,1
GFM-MWT,k_pdc,7.92446596230557,-0.0854519816846225,1.99723174748873,0.00680931994928007,-0.015276134700039,1
GFM-MWT,k_pdc,8.89139705019461,-0.0855462985809912,1.9972449196746,0.00681679037291825,-0.0152761343094068,1
GFM-MWT,k_pdc,9.9763115748444,-0.0856266881658942,1.99725810931835,0.00682315089300786,-0.0152761342108188,1
GFM-MWT,k_pdc,11.1936056928417,-0.0856944386305735,1.99727100360342,0.00682850524512097,-0.0152761351796486,1
GFM-MWT,k_pdc,12.5594321575479,-0.085751010116202,1.99728337385556,0.00683297057796279,-0.0152761331907762,1
GFM-MWT,k_pdc,14.0919146563223,-0.085797894879698,1.99729506567174,0.006836666342811,-0.0152761345261351,1
GFM-MWT,k_pdc,15.8113883008419,-0.0858365213313693,1.99730598606958,0.00683970669012942,-0.015276136153757,1
GFM-MWT,k_pdc,17.7406694616788,-0.0858681976194489,1.99731609015294,0.0068421960197979,-0.0152761331361297,1
GFM-MWT,k_pdc,19.9053585276749,-0.0858940845795348,1.99732536887019,0.00684422686789505,-0.0152761326909135,1
GFM-MWT,k_pdc,22.3341796075482,-0.085915187501066,1.99733383867516,0.00684587928654032,-0.0152761343308413,1
GFM-MWT,k_pdc,25.0593616813636,-0.0859323613337883,1.99734153317936,0.00684722128787742,-0.0152761349029451,1
GFM-MWT,k_pdc,28.1170662595175,-0.0859463236316205,1.99734849670791,0.00684830989801975,-0.0152761331882818,1
GFM-MWT,k_pdc,31.5478672240097,-0.0859576706353168,1.99735477951678,0.00684919245533075,-0.0152761335710724,1
GFM-MWT,k_pdc,35.3972892192069,-0.0859668931252995,1.99736043437582,0.00684990788562979,-0.0152761345407918,1
GFM-MWT,k_pdc,39.7164117362141,-0.0859743929210487,1.99736551416768,0.00685048802535284,-0.0152761346844189,1
GFM-MWT,k_pdc,44.5625469066873,-0.085980497494447,1.99737007029546,0.00685095879159455,-0.0152761346907362,1
GFM-MWT,k_pdc,50,-0.0859854726537831,1.99737415167748,0.00685134119635505,-0.0152761332520494,1
GFM-MWT+AD,k_pdc,0.005,-0.186631304381804,1.98589811609374,0.0149554362365416,0.36813577753141,0
GFM-MWT+AD,k_pdc,0.00561009227150982,-0.186632662572917,1.98589830628963,0.0149555436169064,0.358565529290906,0
GFM-MWT+AD,k_pdc,0.00629462705897083,-0.186634187420731,1.98589851954525,0.0149556641754374,0.347827272540767,0
GFM-MWT+AD,k_pdc,0.00706268772311377,-0.186635898797467,1.98589875880265,0.0149557994820504,0.335778420939496,0
GFM-MWT+AD,k_pdc,0.00792446596230557,-0.186637816980593,1.98589902757548,0.0149559511348207,0.322258972396342,0
GFM-MWT+AD,k_pdc,0.00889139705019461,-0.186639966483513,1.98589932960128,0.0149561210694993,0.307089379524768,0
GFM-MWT+AD,k_pdc,0.00997631157484439,-0.186642380212829,1.98589966821652,0.014956311897279,0.290068159012006,0
GFM-MWT+AD,k_pdc,0.0111936056928417,-0.18664508579871,1.98590004861285,0.0149565257926536,0.27096920779642,0
GFM-MWT+AD,k_pdc,0.0125594321575479,-0.186648119865892,1.98590047571186,0.0149567656527485,0.24953878993907,0
GFM-MWT+AD,k_pdc,0.0140919146563223,-0.186651521976487,1.98590095537968,0.0149570346028982,0.225492153454194,0
GFM-MWT+AD,k_pdc,0.0158113883008419,-0.186655333431374,1.98590149457425,0.0149573358995066,0.198509731338509,0
GFM-MWT+AD,k_pdc,0.0177406694616788,-0.186659610312507,1.98590209958417,0.014957673988198,0.168232875374437,0
GFM-MWT+AD,k_pdc,0.0199053585276749,-0.186664400677946,1.98590277989062,0.0149580526477002,0.134259064587202,0
GFM-MWT+AD,k_pdc,0.0223341796075482,-0.186669772206855,1.98590354386039,0.0149584772370647,0.0961365231672473,0
GFM-MWT+AD,k_pdc,0.0250593616813636,-0.186675790716182,1.98590440266205,0.0149589529450241,0.0533581741581668,0
GFM-MWT+AD,k_pdc,0.0281170662595175,-0.186682534699526,1.98590536782047,0.0149594859731883,0.00535484590709778,0
GFM-MWT+AD,k_pdc,0.0315478672240097,-0.186690090013233,1.98590645288056,0.0149600830977791,-0.0153628878692556,1
GFM-MWT+AD,k_pdc,0.0353972892192069,-0.186698550103459,1.98590767342802,0.0149607516876538,-0.0153628887435972,1
GFM-MWT+AD,k_pdc,0.0397164117362141,-0.186708022004077,1.98590904656528,0.0149615001887596,-0.0153628915206871,1
GFM-MWT+AD,k_pdc,0.0445625469066873,-0.186718628325722,1.98591059109072,0.0149623382821184,-0.0153628892917479,1
GFM-MWT+AD,k_pdc,0.05,-0.186730496766632,1.98591232979,0.0149632760262019,-0.0153628905692083,1
GFM-MWT+AD,k_pdc,0.0561009227150982,-0.186743775893158,1.9859142872428,0.0149643251376792,-0.0153628887592347,1
GFM-MWT+AD,k_pdc,0.0629462705897084,-0.186758622819471,1.98591649263676,0.0149654979831393,-0.0153628915383394,1
GFM-MWT+AD,k_pdc,0.0706268772311377,-0.186775221907756,1.98591897736131,0.014966809095336,-0.0153628892905691,1
GFM-MWT+AD,k_pdc,0.0792446596230557,-0.18679376616262,1.9859217789177,0.0149682736530813,-0.0153628892950205,1
GFM-MWT+AD,k_pdc,0.0889139705019461,-0.186814471883078,1.98592493929101,0.0149699086672766,-0.0153628913753469,1
GFM-MWT+AD,k_pdc,0.099763115748444,-0.186837579384647,1.98592850581644,0.0149717330321379,-0.0153628885372751,1
GFM-MWT+AD,k_pdc,0.111936056928417,-0.186863340906791,1.9859325343033,0.0149737665327424,-0.0153628905651391,1
GFM-MWT+AD,k_pdc,0.125594321575479,-0.18689204198551,1.98593708665353,0.0149760315750777,-0.0153628893076524,1
GFM-MWT+AD,k_pdc,0.140919146563223,-0.186923982336488,1.98594223519073,0.0149785516216898,-0.0153628886211492,1
GFM-MWT+AD,k_pdc,0.158113883008419,-0.186959483162233,1.98594806283895,0.0149813517755036,-0.015362891287147,1
GFM-MWT+AD,k_pdc,0.177406694616788,-0.186998892785447,1.98595466357819,0.0149844592274102,-0.0153628893141658,1
GFM-MWT+AD,k_pdc,0.199053585276749,-0.187042564322384,1.98596214742565,0.0149879014296749,-0.015362889596258,1
GFM-MWT+AD,k_pdc,0.223341796075482,-0.187090868823193,1.98597063974031,0.0149917071534653,-0.0153628898619615,1
GFM-MWT+AD,k_pdc,0.250593616813636,-0.187144176675298,1.98598028529857,0.0149959049677454,-0.015362889012321,1
GFM-MWT+AD,k_pdc,0.281170662595175,-0.187202846126752,1.98599125120091,0.0150005222972927,-0.0153628896057877,1
GFM-MWT+AD,k_pdc,0.315478672240097,-0.187267210751526,1.98600372929628,0.0150055843994885,-0.0153628905355185,1
GFM-MWT+AD,k_pdc,0.353972892192069,-0.18733755229169,1.9860179401048,0.0150111121582161,-0.0153628887892098,1
GFM-MWT+AD,k_pdc,0.397164117362141,-0.187414063628411,1.9860341373346,0.0150171190824211,-0.0153628895854779,1
GFM-MWT+AD,k_pdc,0.445625469066873,-0.187496815326409,1.98605260976179,0.0150236086108786,-0.0153628888503241,1
GFM-MWT+AD,k_pdc,0.5,-0.187585687267205,1.98607368633412,0.015030568595997,-0.01536289134685,1
GFM-MWT+AD,k_pdc,0.561009227150982,-0.18768030669546,1.98609773641801,0.0150379663384737,-0.0153628889855838,1
GFM-MWT+AD,k_pdc,0.629462705897084,-0.187779939212878,1.98612517290962,0.0150457398317287,-0.0153628891818212,1
GFM-MWT+AD,k_pdc,0.706268772311377,-0.187883387065736,1.98615644732999,0.0150537896526148,-0.0153628890928378,1
GFM-MWT+AD,k_pdc,0.792446596230557,-0.187988842003105,1.98619204397949,0.0150619672222014,-0.0153628896740286,1
GFM-MWT+AD,k_pdc,0.889139705019461,-0.18809372949094,1.9862324651695,0.0150700624450136,-0.0153628896842874,1
GFM-MWT+AD,k_pdc,0.99763115748444,-0.188194535763339,1.98627820766195,0.0150777900447844,-0.015362890063758,1
GFM-MWT+AD,k_pdc,1.11936056928417,-0.1882866454844,1.9863297253843,0.0150847768604233,-0.0153628890976891,1
GFM-MWT+AD,k_pdc,1.25594321575479,-0.188364206462873,1.98638737804211,0.0150905514233317,-0.0153628898330814,1
GFM-MWT+AD,k_pdc,1.40919146563223,-0.188420090010793,1.98645136042234,0.0150945413497175,-0.0153628891761666,1
GFM-MWT+AD,k_pdc,1.58113883008419,-0.188445976727839,1.98652161905435,0.0150960808802459,-0.0153628894598167,1
GFM-MWT+AD,k_pdc,1.77406694616788,-0.188432670266859,1.98659775788936,0.0150944367621432,-0.0153628892993567,1
GFM-MWT+AD,k_pdc,1.99053585276749,-0.188370677851947,1.98667895070463,0.0150888554328257,-0.015362890160738,1
GFM-MWT+AD,k_pdc,2.23341796075482,-0.188251090324169,1.98676387998109,0.0150786339639753,-0.0153628884281372,1
GFM-MWT+AD,k_pdc,2.50593616813636,-0.188066709691011,1.98685073037325,0.0150632103695363,-0.0153628893704184,1
GFM-MWT+AD,k_pdc,2.81170662595175,-0.187813286168899,1.98693725832129,0.0150422620522585,-0.0153628901958948,1
GFM-MWT+AD,k_pdc,3.15478672240097,-0.187490590034571,1.98702095358795,0.0150157902794808,-0.0153628899284078,1
GFM-MWT+AD,k_pdc,3.53972892192069,-0.187103039060131,1.98709927771238,0.0149841684716171,-0.0153628910042794,1
GFM-MWT+AD,k_pdc,3.97164117362141,-0.186659651474501,1.98716993889021,0.0149481362335651,-0.0153628890549522,1
GFM-MWT+AD,k_pdc,4.45625469066873,-0.186173219443918,1.98723114933201,0.0149087311738605,-0.0153628917980531,1
GFM-MWT+AD,k_pdc,5,-0.185658910111159,1.98728179881433,0.0148671756120563,-0.0153628898701388,1
GFM-MWT+AD,k_pdc,5.61009227150982,-0.185132531915616,1.98732152062997,0.0148247373769365,-0.0153628897805094,1
GFM-MWT+AD,k_pdc,6.29462705897084,-0.184608936221629,1.98735063539565,0.014782602398965,-0.0153628903223413,1
GFM-MWT+AD,k_pdc,7.06268772311377,-0.1841007893772,1.98737001063808,0.0147417775898563,-0.0153628897188517,1
GFM-MWT+AD,k_pdc,7.92446596230557,-0.183617882833554,1.98738087715239,0.0147030370873579,-0.0153628904111745,1
GFM-MWT+AD,k_pdc,8.89139705019461,-0.183166972539128,1.98738464373769,0.0146669108356323,-0.0153628912644262,1
GFM-MWT+AD,k_pdc,9.9763115748444,-0.182752002703017,1.98738274309817,0.0146337036596958,-0.0153628902049412,1
GFM-MWT+AD,k_pdc,11.1936056928417,-0.182374566807594,1.98737652095866,0.0146035329802662,-0.0153628907683976,1
GFM-MWT+AD,k_pdc,12.5594321575479,-0.182034460324217,1.98736716839866,0.0145763735329269,-0.0153628906128307,1
GFM-MWT+AD,k_pdc,14.0919146563223,-0.181730212907156,1.98735569204838,0.0145521001598242,-0.0153628907844587,1
GFM-MWT+AD,k_pdc,15.8113883008419,-0.181459548397181,1.98734291010178,0.0145305246344345,-0.0153628898135419,1
GFM-MWT+AD,k_pdc,17.7406694616788,-0.181219746763832,1.98732946550739,0.0145114245156923,-0.0153628910596392,1
GFM-MWT+AD,k_pdc,19.9053585276749,-0.181007914349141,1.98731584676493,0.0144945646120648,-0.0153628918957216,1
GFM-MWT+AD,k_pdc,22.3341796075482,-0.180821168002057,1.98730241278358,0.0144797115283825,-0.0153628902573654,1
GFM-MWT+AD,k_pdc,25.0593616813636,-0.180656742502511,1.98728941834373,0.0144666420719232,-0.0153628903338036,1
GFM-MWT+AD,k_pdc,28.1170662595175,-0.180512072133986,1.98727703430459,0.0144551496308376,-0.015362890262436,1
GFM-MWT+AD,k_pdc,31.5478672240097,-0.180384816241694,1.9872653676114,0.0144450460720318,-0.0153628893337551,1
GFM-MWT+AD,k_pdc,35.3972892192069,-0.180272867812926,1.98725447722738,0.0144361623111166,-0.0153628915688491,1
GFM-MWT+AD,k_pdc,39.7164117362141,-0.180174357950362,1.98724438536345,0.0144283485887423,-0.0153628909972814,1
GFM-MWT+AD,k_pdc,44.5625469066873,-0.180087628913224,1.98723508948795,0.0144214722253098,-0.0153628901115148,1
GFM-MWT+AD,k_pdc,50,-0.180011225178428,1.98722656875408,0.0144154168592474,-0.0153628905812548,1
GFM-MWT,k_idc,0.5,-0.0957687705887971,1.99507899826775,0.00763961148814976,-0.0152759812353939,1
GFM-MWT,k_idc,0.561009227150982,-0.095719950006637,1.9950579711706,0.00763579770042101,-0.01527599815104,1
GFM-MWT,k_idc,0.629462705897083,-0.0956625635201257,1.99503426445529,0.0076313107922444,-0.015276013086019,1
GFM-MWT,k_idc,0.706268772311377,-0.0955948182612453,1.99500753114957,0.0076260090311413,-0.0152760291846847,1
GFM-MWT,k_idc,0.792446596230557,-0.0955144792242225,1.99497738146108,0.00761971556031227,-0.0152760395508392,1
GFM-MWT,k_idc,0.889139705019461,-0.0954187470450356,1.99494337998972,0.0076122086518155,-0.0152760511390641,1
GFM-MWT,k_idc,0.997631157484439,-0.0953040969368878,1.9949050443768,0.00760320885226804,-0.0152760600957245,1
GFM-MWT,k_idc,1.11936056928417,-0.095166071326683,1.99486184717657,0.00759236241813815,-0.0152760694797762,1
GFM-MWT,k_idc,1.25594321575479,-0.0949990090042129,1.99481322303043,0.00757921965961146,-0.0152760758991311,1
GFM-MWT,k_idc,1.40919146563223,-0.094795697369472,1.99475858532493,0.00756320710442396,-0.0152760819264371,1
GFM-MWT,k_idc,1.58113883008419,-0.094546927386256,1.99469735828402,0.00754359182915238,-0.0152760873663037,1
GFM-MWT,k_idc,1.77406694616788,-0.0942409377123063,1.99462903448621,0.00751943683738942,-0.0152760922417553,1
GFM-MWT,k_idc,1.99053585276749,-0.0938627435617371,1.99455327293032,0.00748954707087875,-0.015276096902956,1
GFM-MWT,k_idc,2.23341796075482,-0.0933933773422642,1.99447006044744,0.00745240812751059,-0.0152761006940056,1
GFM-MWT,k_idc,2.50593616813636,-0.0928091380117586,1.99437996911189,0.0074061253127194,-0.0152761062151552,1
GFM-MWT,k_idc,2.81170662595175,-0.0920810841545706,1.99428455205188,0.00734838165805351,-0.0152761082808763,1
GFM-MWT,k_idc,3.15478672240097,-0.0911752657624843,1.99418692356997,0.00727645432931132,-0.0152761093914857,1
GFM-MWT,k_idc,3.53972892192069,-0.0900546031486625,1.99409254767603,0.00718736201704231,-0.0152761154317693,1
GFM-MWT,k_idc,3.97164117362141,-0.0886838795699072,1.99401017746572,0.00707826087398249,-0.015276117306212,1
GFM-MWT,k_idc,4.45625469066873,-0.0870397388097039,1.99395268968682,0.00694724124980936,-0.0152761190787592,1
GFM-MWT,k_idc,5,-0.0851270409749485,1.99393720482424,0.00679463554861482,-0.0152761209575562,1
GFM-MWT,k_idc,5.61009227150982,-0.0829999540591216,1.9939834807445,0.00662471039518833,-0.0152761213177484,1
GFM-MWT,k_idc,6.29462705897084,-0.0807795951917103,1.99410957271765,0.00644709040033436,-0.015276122380463,1
GFM-MWT,k_idc,7.06268772311377,-0.0786526237749354,1.99432494795176,0.00627666383530687,-0.0152761251482252,1
GFM-MWT,k_idc,7.92446596230557,-0.0768364989365748,1.99462378794806,0.00613081968823947,-0.0152761248579872,1
GFM-MWT,k_idc,8.89139705019461,-0.0755163082853021,1.99498313389693,0.00602439962528012,-0.0152761262315131,1
GFM-MWT,k_idc,9.9763115748444,-0.0747848718186455,1.99536862620213,0.00596489797265128,-0.0152761269987133,1
GFM-MWT,k_idc,11.1936056928417,-0.0746223576368278,1.99574516011881,0.00595081327609552,-0.0152761286970929,1
GFM-MWT,k_idc,12.5594321575479,-0.0749230613205916,1.99608621577916,0.00597377142243897,-0.0152761295131094,1
GFM-MWT,k_idc,14.0919146563223,-0.0755449733534063,1.99637761473373,0.00602247680965031,-0.0152761311289126,1
GFM-MWT,k_idc,15.8113883008419,-0.0763524787234215,1.9966160487687,0.00608612224342088,-0.0152761306875378,1
GFM-MWT,k_idc,17.7406694616788,-0.0772387888780127,1.9968052497198,0.00615618478832738,-0.0152761293613612,1
GFM-MWT,k_idc,19.9053585276749,-0.0781306315309532,1.99695228074729,0.0062268063504229,-0.0152761307283497,1
GFM-MWT,k_idc,22.3341796075482,-0.0789833786522164,1.99706499395572,0.00629441012145818,-0.0152761311120893,1
GFM-MWT,k_idc,25.0593616813636,-0.0797733013400419,1.99715066815493,0.00635708606750733,-0.0152761311739835,1
GFM-MWT,k_idc,28.1170662595175,-0.0804904229903303,1.9972154641158,0.00641402262750334,-0.0152761311859181,1
GFM-MWT,k_idc,31.5478672240097,-0.0811331099381615,1.99726433471625,0.00646507595898714,-0.0152761325063714,1
GFM-MWT,k_idc,35.3972892192069,-0.0817043928268678,1.99730114253815,0.00651047662385081,-0.0152761309870658,1
GFM-MWT,k_idc,39.7164117362141,-0.0822096356050171,1.99732884610655,0.00655064346264918,-0.0152761328319307,1
GFM-MWT,k_idc,44.5625469066873,-0.082655134275266,1.99734968824543,0.0065860715121012,-0.0152761334295414,1
GFM-MWT,k_idc,50,-0.0830473205812049,1.99736535993462,0.00661726815726766,-0.0152761325544926,1
GFM-MWT,k_idc,56.1009227150982,-0.0833923366543891,1.99737713309212,0.00664471890167139,-0.0152761354770145,1
GFM-MWT,k_idc,62.9462705897084,-0.0836958311474256,1.99738596407732,0.0066688708493727,-0.0152761334853483,1
GFM-MWT,k_idc,70.6268772311377,-0.083962885065055,1.99739257252009,0.00669012657964107,-0.0152761328130112,1
GFM-MWT,k_idc,79.2446596230557,-0.0841980054648751,1.99739750074692,0.00670884347778445,-0.015276133715039,1
GFM-MWT,k_idc,88.9139705019461,-0.0844051567903754,1.99740115820849,0.00672533610359656,-0.0152761356083796,1
GFM-MWT,k_idc,99.763115748444,-0.0845878083689228,1.99740385462606,0.00673987987827233,-0.0152761337016573,1
GFM-MWT,k_idc,111.936056928417,-0.0847489883911889,1.99740582468186,0.00675271531129622,-0.0152761341801063,1
GFM-MWT,k_idc,125.594321575479,-0.0848913354247368,1.99740724651283,0.00676405204851264,-0.0152761334433278,1
GFM-MWT,k_idc,140.919146563223,-0.0850171484190044,1.99740825548405,0.00677407281379353,-0.0152761334333577,1
GFM-MWT,k_idc,158.113883008419,-0.0851284308109463,1.99740895455995,0.00678293689075984,-0.0152761338047564,1
GFM-MWT,k_idc,177.406694616788,-0.0852269298190545,1.99740942208664,0.00679078322896174,-0.015276135654366,1
GFM-MWT,k_idc,199.053585276749,-0.0853141708007262,1.99740971767987,0.00679773316252729,-0.0152761350009146,1
GFM-MWT,k_idc,223.341796075482,-0.0853914872465321,1.99740988665433,0.00680389278571474,-0.0152761344004509,1
GFM-MWT,k_idc,250.593616813636,-0.0854600461807054,1.9974099634156,0.00680935496570171,-0.0152761343110641,1
GFM-MWT,k_idc,281.170662595175,-0.0855208703884774,1.99740997402845,0.00681420110516798,-0.0152761333059489,1
GFM-MWT,k_idc,315.478672240097,-0.0855748576029628,1.99740993816127,0.00681850266462902,-0.015276136910551,1
GFM-MWT,k_idc,353.972892192069,-0.0856227960174808,1.99740987062995,0.00682232239327886,-0.0152761336774432,1
GFM-MWT,k_idc,397.164117362141,-0.0856653800803134,1.99740978246781,0.00682571558389637,-0.0152761367011378,1
GFM-MWT,k_idc,445.625469066873,-0.0857032203741384,1.99740968189552,0.0068287308567499,-0.015276136060822,1
GFM-MWT,k_idc,500,-0.0857368558586629,1.9974095749328,0.0068314111329885,-0.0152761332689872,1
GFM-MWT,k_idc,561.009227150982,-0.0857667623954364,1.99740946593,0.00683379431207136,-0.0152761360258657,1
GFM-MWT,k_idc,629.462705897084,-0.0857933596185737,1.99740935800933,0.00683591381770529,-0.0152761338572298,1
GFM-MWT,k_idc,706.268772311377,-0.0858170194993525,1.99740925330495,0.00683779927942146,-0.0152761369297675,1
GFM-MWT,k_idc,792.446596230557,-0.0858380702726248,1.99740915327013,0.00683947684437003,-0.0152761357398907,1
GFM-MWT,k_idc,889.139705019461,-0.08585680328128,1.99740905879799,0.00684096972224521,0.497460901847592,0
GFM-MWT,k_idc,997.63115748444,-0.0858734764223736,1.99740897039392,0.00684229845926872,1.5055517042036,0
GFM-MWT,k_idc,1119.36056928417,-0.0858883184300542,1.99740888827226,0.00684348127910302,2.6309483328835,0
GFM-MWT,k_idc,1255.94321575479,-0.0859015317745979,1.99740881245825,0.00684453431348383,3.886589663306,0
GFM-MWT,k_idc,1409.19146563223,-0.085913296978666,1.99740874279581,0.00684547194609218,5.28667474146533,0
GFM-MWT,k_idc,1581.13883008419,-0.0859237735246414,1.99740867906217,0.00684630688445364,6.8467472215273,0
GFM-MWT,k_idc,1774.06694616788,-0.0859331036682764,1.99740862094745,0.00684705046386108,8.5837771545496,0
GFM-MWT,k_idc,1990.53585276749,-0.085941413337388,1.99740856811745,0.00684771271876297,10.5162396433606,0
GFM-MWT,k_idc,2233.41796075482,-0.08594881500115,1.99740852020313,0.00684830261141002,12.6641877026264,0
GFM-MWT,k_idc,2505.93616813636,-0.0859554078478403,1.99740847685782,0.0068488280458212,15.0493131508439,0
GFM-MWT,k_idc,2811.70662595175,-0.0859612811053774,1.99740843769907,0.0068492961325467,17.6949925774113,0
GFM-MWT,k_idc,3154.78672240097,-0.0859665133159925,1.9974084023914,0.00684971313059344,20.6263179621691,0
GFM-MWT,k_idc,3539.72892192069,-0.0859711745506492,1.99740837060385,0.00685008462400472,23.8701092440923,0
GFM-MWT,k_idc,3971.64117362141,-0.085975327503633,1.99740834201114,0.00685041560906736,27.4549052790595,0
GFM-MWT,k_idc,4456.25469066873,-0.0859790277509147,1.99740831632139,0.0068507105148018,31.4109304852005,0
GFM-MWT,k_idc,5000,-0.0859823246466176,1.99740829326477,0.00685097327442704,35.7700354411665,0
GFM-MWT+AD,k_idc,0.5,-0.188282360133524,1.9970658128725,0.0150033590463531,-0.0153627341840637,1
GFM-MWT+AD,k_idc,0.561009227150982,-0.188715127918369,1.99710680170874,0.0150375279714463,-0.0153627515509469,1
GFM-MWT+AD,k_idc,0.629462705897083,-0.189209664599274,1.99715225683787,0.0150765824874615,-0.0153627679247209,1
GFM-MWT+AD,k_idc,0.706268772311377,-0.18977593007379,1.99720253545704,0.0151213126905302,-0.0153627786850952,1
GFM-MWT+AD,k_idc,0.792446596230557,-0.19042575045188,1.99725796720898,0.0151726573482463,-0.0153627929057987,1
GFM-MWT+AD,k_idc,0.889139705019461,-0.191173238562828,1.99731882152646,0.0152317375912126,-0.0153628045194298,1
GFM-MWT+AD,k_idc,0.997631157484439,-0.192035279011735,1.99738525853856,0.0152998958626072,-0.0153628141599477,1
GFM-MWT+AD,k_idc,1.11936056928417,-0.193032136815873,1.99745725513468,0.0153787448959494,-0.0153628229855928,1
GFM-MWT+AD,k_idc,1.25594321575479,-0.194188188476843,1.99753449475386,0.0154702267272614,-0.0153628303700262,1
GFM-MWT+AD,k_idc,1.40919146563223,-0.195532784289329,1.9976162037724,0.0155766825965603,-0.0153628354516356,1
GFM-MWT+AD,k_idc,1.58113883008419,-0.197101215985044,1.99770090892485,0.0157009319190895,-0.0153628424708443,1
GFM-MWT+AD,k_idc,1.77406694616788,-0.198935761466653,1.99778608004567,0.0158463584438098,-0.0153628477866828,1
GFM-MWT+AD,k_idc,1.99053585276749,-0.201086600524948,1.99786760591919,0.0160169877618274,-0.0153628518396103,1
GFM-MWT+AD,k_idc,2.23341796075482,-0.203612304931751,1.99793903421048,0.0162175333965435,-0.0153628577323338,1
GFM-MWT+AD,k_idc,2.50593616813636,-0.206579215858373,1.99799048815247,0.016453357997844,-0.0153628606586221,1
GFM-MWT+AD,k_idc,2.81170662595175,-0.210058399589716,1.99800716986957,0.0167302470205621,-0.0153628645593669,1
GFM-MWT+AD,k_idc,3.15478672240097,-0.214117961845716,1.99796740717054,0.0170538198271748,-0.0153628689080432,1
GFM-MWT+AD,k_idc,3.53972892192069,-0.218806959397165,1.99784037387674,0.0174282792490842,-0.0153628715929208,1
GFM-MWT+AD,k_idc,3.97164117362141,-0.224125567365821,1.99758406586173,0.0178540701948469,-0.0153628726569187,1
GFM-MWT+AD,k_idc,4.45625469066873,-0.229975866410523,1.99714506793937,0.0183239821387364,-0.0153628761177757,1
GFM-MWT+AD,k_idc,5,-0.2360928281636,1.99646320768518,0.0188176206451379,-0.0153628749758154,1
GFM-MWT+AD,k_idc,5.61009227150982,-0.241973532154114,1.99548565890695,0.0192956103837059,-0.0153628766694016,1
GFM-MWT+AD,k_idc,6.29462705897084,-0.246859744416308,1.99419353202593,0.0196978503057211,-0.0153628797480799,1
GFM-MWT+AD,k_idc,7.06268772311377,-0.249861381046125,1.99263445599078,0.0199528604388115,-0.0153628802223896,1
GFM-MWT+AD,k_idc,7.92446596230557,-0.250260966272063,1.99093797073155,0.0200017791424039,-0.0153628822876715,1
GFM-MWT+AD,k_idc,8.89139705019461,-0.247862122637047,1.9892870734173,0.019826564166515,-0.0153628833559562,1
GFM-MWT+AD,k_idc,9.9763115748444,-0.243107581391418,1.98785200787485,0.0194604256198641,-0.0153628838965794,1
GFM-MWT+AD,k_idc,11.1936056928417,-0.236855093429976,1.98673257471481,0.0189707842150061,-0.0153628840768994,1
GFM-MWT+AD,k_idc,12.5594321575479,-0.230009714873704,1.98594581331401,0.0184299920097066,-0.0153628839853703,1
GFM-MWT+AD,k_idc,14.0919146563223,-0.223268480472734,1.9854512155637,0.0178944676749063,-0.0153628846584827,1
GFM-MWT+AD,k_idc,15.8113883008419,-0.217050947600014,1.98518435291269,0.0173986371616455,-0.0153628854785989,1
GFM-MWT+AD,k_idc,17.7406694616788,-0.211546285184808,1.98508053495307,0.0169584027956056,-0.0153628863990536,1
GFM-MWT+AD,k_idc,19.9053585276749,-0.206793226991918,1.98508581900292,0.0165774402934492,-0.0153628881860844,1
GFM-MWT+AD,k_idc,22.3341796075482,-0.202748682287845,1.98515957938463,0.0162526948399597,-0.0153628882001178,1
GFM-MWT+AD,k_idc,25.0593616813636,-0.199333629876377,1.98527310709418,0.0159780951383119,-0.0153628874903826,1
GFM-MWT+AD,k_idc,28.1170662595175,-0.196459520240281,1.98540699331286,0.0157467094159609,-0.01536288700808,1
GFM-MWT+AD,k_idc,31.5478672240097,-0.194041578562698,1.9855485766804,0.0155518439038494,-0.015362888600218,1
GFM-MWT+AD,k_idc,35.3972892192069,-0.192004445255194,1.98568988061077,0.0153875179060317,-0.0153628898825246,1
GFM-MWT+AD,k_idc,39.7164117362141,-0.190283730675451,1.98582609065354,0.0152486037820108,-0.0153628906957466,1
GFM-MWT+AD,k_idc,44.5625469066873,-0.188825624037496,1.98595448177748,0.0151308055619191,-0.015362888386497,1
GFM-MWT+AD,k_idc,50,-0.187585687267205,1.98607368633412,0.015030568595997,-0.01536289134685,1
GFM-MWT+AD,k_idc,56.1009227150982,-0.186527454646266,1.98618319884788,0.0149449713196459,-0.0153628917745971,1
GFM-MWT+AD,k_idc,62.9462705897084,-0.185621053966205,1.98628305142299,0.014871617212077,-0.015362891599766,1
GFM-MWT+AD,k_idc,70.6268772311377,-0.184842008987901,1.98637359759077,0.014808540369512,-0.0153628901132582,1
GFM-MWT+AD,k_idc,79.2446596230557,-0.184170219451234,1.98645537288289,0.0147541247018733,-0.0153628900816446,1
GFM-MWT+AD,k_idc,88.9139705019461,-0.183589131978683,1.98652900354304,0.0147070380679299,-0.0153628911880254,1
GFM-MWT+AD,k_idc,99.763115748444,-0.18308506282673,1.98659514906171,0.0146661783400014,-0.0153628899407952,1
GFM-MWT+AD,k_idc,111.936056928417,-0.182646647062087,1.98665446753309,0.0146306294466811,-0.0153628905760051,1
GFM-MWT+AD,k_idc,125.594321575479,-0.182264411925963,1.98670759251366,0.0145996272966556,-0.0153628904739225,1
GFM-MWT+AD,k_idc,140.919146563223,-0.181930420890536,1.98675512200264,0.0145725312916878,-0.0153628923415399,1
GFM-MWT+AD,k_idc,158.113883008419,-0.181638000547589,1.98679761106765,0.0145488024604529,-0.0153628900522426,1
GFM-MWT+AD,k_idc,177.406694616788,-0.181381506445893,1.98683557134137,0.0145279846722524,-0.0153628924478795,1
GFM-MWT+AD,k_idc,199.053585276749,-0.18115615950138,1.98686946812789,0.0145096915285892,-0.015362889223704,1
GFM-MWT+AD,k_idc,223.341796075482,-0.180957877331924,1.9868997257443,0.0144935927948784,-0.0153628904704645,1
GFM-MWT+AD,k_idc,250.593616813636,-0.180783177891202,1.9869267263458,0.0144794066747686,-0.0153628916436225,1
GFM-MWT+AD,k_idc,281.170662595175,-0.180629071007061,1.98695081465365,0.0144668910767826,-0.0153628903430817,1
GFM-MWT+AD,k_idc,315.478672240097,-0.180492981306202,1.98697230089445,0.0144558374105583,-0.0153628907565277,1
GFM-MWT+AD,k_idc,353.972892192069,-0.180372684609758,1.98699146329149,0.0144460654674544,-0.0153628917356506,1
GFM-MWT+AD,k_idc,397.164117362141,-0.180266256254315,1.98700855091982,0.0144374192552979,-0.0153628909461865,1
GFM-MWT+AD,k_idc,445.625469066873,-0.180172024294575,1.98702378692759,0.0144297632228203,-0.0153628903472472,1
GFM-MWT+AD,k_idc,500,-0.180088529560646,1.98703737130703,0.0144229790373835,-0.0153628928397962,1
GFM-MWT+AD,k_idc,561.009227150982,-0.180014504088028,1.98704948199026,0.0144169638468697,-0.0153628938474128,1
GFM-MWT+AD,k_idc,629.462705897084,-0.179948840456663,1.98706027781059,0.0144116278007621,-0.0153628898887118,1
GFM-MWT+AD,k_idc,706.268772311377,-0.17989055825643,1.98706990217651,0.0144068913365344,-0.0153628927529252,1
GFM-MWT+AD,k_idc,792.446596230557,-0.179838809961776,1.98707848096787,0.0144026856638605,-0.015362890125752,1
GFM-MWT+AD,k_idc,889.139705019461,-0.17979284083804,1.9870861282252,0.0143989495119159,0.497432801226228,0
GFM-MWT+AD,k_idc,997.63115748444,-0.179751993382162,1.98709294451197,0.0143956294959435,1.50552168224033,0
GFM-MWT+AD,k_idc,1119.36056928417,-0.179715683007495,1.98709902039137,0.0143926781444499,2.63091621533091,0
GFM-MWT+AD,k_idc,1255.94321575479,-0.179683397676325,1.98710443599631,0.0143900538723544,3.88655559773246,0
GFM-MWT+AD,k_idc,1409.19146563223,-0.179654686864938,1.98710926257092,0.014387720085829,5.2866396745012,0
GFM-MWT+AD,k_idc,1581.13883008419,-0.17962914417808,1.98711356488217,0.0143856437724595,6.84671337278898,0
GFM-MWT+AD,k_idc,1774.06694616788,-0.179606417530341,1.9871173994983,0.0143837963286542,8.58374763915162,0
GFM-MWT+AD,k_idc,1990.53585276749,-0.179586193736525,1.98712081710162,0.0143821523088568,10.5162167568035,0
GFM-MWT+AD,k_idc,2233.41796075482,-0.179568191783686,1.98712386338877,0.0143806888801689,12.6641716009406,0
GFM-MWT+AD,k_idc,2505.93616813636,-0.179552165418153,1.98712657868329,0.0143793860321618,15.0493024534973,0
GFM-MWT+AD,k_idc,2811.70662595175,-0.179537898948864,1.98712899846098,0.0143782262369465,17.6949856212761,0
GFM-MWT+AD,k_idc,3154.78672240097,-0.179525195700617,1.98713115518797,0.0143771935112672,20.6263134333533,0
GFM-MWT+AD,k_idc,3539.72892192069,-0.179513883174937,1.98713307746061,0.0143762738358806,23.8701062575847,0
GFM-MWT+AD,k_idc,3971.64117362141,-0.179503808801004,1.9871347906636,0.0143754548105272,27.4549032743711,0
GFM-MWT+AD,k_idc,4456.25469066873,-0.179494836272894,1.98713631755514,0.0143747253563882,31.4109291135072,0
GFM-MWT+AD,k_idc,5000,-0.179486844617143,1.98713767835755,0.0143740756407395,35.7700344846955,0
GFM-MWT+AD,K_damp,-15000000,-0.41364997435955,1.95521781320126,0.0336520819342901,-0.0155393960308067,1
GFM-MWT+AD,K_damp,-14833333.3333333,-0.409833986089033,1.95586279645014,0.033330999789888,-0.0155364209699262,1
GFM-MWT+AD,K_damp,-14666666.6666667,-0.406012691730157,1.95650232286974,0.0330097800714289,-0.0155334470515547,1
GFM-MWT+AD,K_damp,-14500000,-0.402186656098654,1.95713644066928,0.0326884653566309,-0.0155304742728648,1
GFM-MWT+AD,K_damp,-14333333.3333333,-0.398356426106771,1.95776519934272,0.0323670967293662,-0.0155275026281076,1
GFM-MWT+AD,K_damp,-14166666.6666667,-0.394522530951331,1.95838864954147,0.0320457138012658,-0.0155245321281484,1
GFM-MWT+AD,K_damp,-14000000,-0.390685482406058,1.95900684293911,0.0317243547416705,-0.0155215627683837,1
GFM-MWT+AD,K_damp,-13833333.3333333,-0.386845775051082,1.95961983211738,0.0314030563018888,-0.0155185945341729,1
GFM-MWT+AD,K_damp,-13666666.6666667,-0.383003886470194,1.96022767047397,0.0310818538362671,-0.0155156274490214,1
GFM-MWT+AD,K_damp,-13500000,-0.379160277682109,1.96083041208045,0.0307607813428126,-0.0155126614949316,1
GFM-MWT+AD,K_damp,-13333333.3333333,-0.375315393331679,1.96142811161494,0.0304398714829288,-0.0155096966767098,1
GFM-MWT+AD,K_damp,-13166666.6666667,-0.371469662066899,1.9620208242486,0.030119155616745,-0.0155067329956465,1
GFM-MWT+AD,K_damp,-13000000,-0.367623496895082,1.96260860555598,0.0297986638361634,-0.0155037704428164,1
GFM-MWT+AD,K_damp,-12833333.3333333,-0.363777295447378,1.96319151144303,0.0294784249900174,-0.0155008090246472,1
GFM-MWT+AD,K_damp,-12666666.6666667,-0.359931440413932,1.96376959805542,0.0291584667231626,-0.0154978487464507,1
GFM-MWT+AD,K_damp,-12500000,-0.356086299904221,1.96434292169843,0.0288388155091349,-0.0154948895890929,1
GFM-MWT+AD,K_damp,-12333333.3333333,-0.352242227713557,1.96491153879011,0.0285194966745513,-0.0154919315735341,1
GFM-MWT+AD,K_damp,-12166666.6666667,-0.348399563831235,1.96547550576527,0.0282005344436219,-0.015488974680824,1
GFM-MWT+AD,K_damp,-12000000,-0.344558634681993,1.96603487904159,0.0278819519600066,-0.0154860189237388,1
GFM-MWT+AD,K_damp,-11833333.3333333,-0.340719753594347,1.96658971493971,0.0275637713275415,-0.0154830642933034,1
GFM-MWT+AD,K_damp,-11666666.6666667,-0.336883221118124,1.96714006964509,0.027246013638015,-0.01548011078825,1
GFM-MWT+AD,K_damp,-11500000,-0.33304932536882,1.96768599915712,0.0269286990011642,-0.0154771584203309,1
GFM-MWT+AD,K_damp,-11333333.3333333,-0.329218342493579,1.96822755922956,0.0266118465844776,-0.0154742071726973,1
GFM-MWT+AD,K_damp,-11166666.6666667,-0.325390536888389,1.96876480535079,0.0262954746322187,-0.0154712570624906,1
GFM-MWT+AD,K_damp,-11000000,-0.321566161720146,1.96929779268078,0.0259796005095546,-0.0154683080708514,1
GFM-MWT+AD,K_damp,-10833333.3333333,-0.317745459152716,1.96982657603181,0.0256642407220581,-0.015465360196794,1
GFM-MWT+AD,K_damp,-10666666.6666667,-0.313928660697057,1.9703512098392,0.0253494109452741,-0.0154624134611144,1
GFM-MWT+AD,K_damp,-10500000,-0.310115987673313,1.97087174810997,0.0250351260634973,-0.0154594678466716,1
GFM-MWT+AD,K_damp,-10333333.3333333,-0.306307651434266,1.97138824441344,0.0247214001886423,-0.0154565233481727,1
GFM-MWT+AD,K_damp,-10166666.6666667,-0.302503853710577,1.9719007518566,0.0244082466890614,-0.0154535799799334,1
GFM-MWT+AD,K_damp,-10000000,-0.298704786977071,1.97240932305084,0.0240956782200745,-0.0154506377379066,1
GFM-MWT+AD,K_damp,-9833333.33333333,-0.294910635215207,1.9729140099892,0.0237837067874123,-0.0154476960745765,1
GFM-MWT+AD,K_damp,-9666666.66666667,-0.291121572338876,1.97341486446991,0.0234723436156446,-0.0154447560735882,1
GFM-MWT+AD,K_damp,-9500000,-0.287337765328275,1.97391193741141,0.0231615994094733,-0.0154418171877231,1
GFM-MWT+AD,K_damp,-9333333.33333333,-0.283559372628246,1.97440527928832,0.0228514842196028,-0.0154388794231053,1
GFM-MWT+AD,K_damp,-9166666.66666667,-0.279786544901996,1.97489494000605,0.0225420075052693,-0.0154359427808488,1
GFM-MWT+AD,K_damp,-9000000,-0.276019425341536,1.97538096888561,0.0222331781596194,-0.0154330072554739,1
GFM-MWT+AD,K_damp,-8833333.33333333,-0.27225814991807,1.97586341465884,0.0219250045300792,-0.0154300728448607,1
GFM-MWT+AD,K_damp,-8666666.66666667,-0.268502847617536,1.97634232546147,0.0216174944375032,-0.0154271395569158,1
GFM-MWT+AD,K_damp,-8500000,-0.26475363833989,1.97681774928778,0.0213106550023421,-0.0154242102041269,1
GFM-MWT+AD,K_damp,-8333333.33333333,-0.261010642829999,1.97728973211595,0.0210044934639812,-0.0154212791441219,1
GFM-MWT+AD,K_damp,-8166666.66666667,-0.257273968254588,1.97775832073045,0.0206990159895574,-0.0154183492008636,1
GFM-MWT+AD,K_damp,-8000000,-0.253543718281523,1.97822356081995,0.0203942285056929,-0.0154154203712138,1
GFM-MWT+AD,K_damp,-7833333.33333333,-0.249819990824967,1.97868549745633,0.0200901365117188,-0.0154124926573881,1
GFM-MWT+AD,K_damp,-7666666.66666667,-0.246102878272797,1.97914417509047,0.0197867450978998,-0.0154095660553444,1
GFM-MWT+AD,K_damp,-7500000,-0.242392467690129,1.97959963755452,0.0194840589616425,-0.0154066405669332,1
GFM-MWT+AD,K_damp,-7333333.33333333,-0.238688841032801,1.98005192805973,0.0191820824245214,-0.0154037161899953,1
GFM-MWT+AD,K_damp,-7166666.66666667,-0.234992075334736,1.98050108920134,0.0188808194471089,-0.0154007929256226,1
GFM-MWT+AD,K_damp,-7000000,-0.23130224291758,1.98094716295671,0.0185802736456388,-0.0153978707712703,1
GFM-MWT+AD,K_damp,-6833333.33333333,-0.22761941155578,1.98139019069101,0.0182804483049953,-0.0153949497280025,1
GFM-MWT+AD,K_damp,-6666666.66666667,-0.223943644671566,1.98183021315804,0.0179813463941306,-0.0153920297945509,1
GFM-MWT+AD,K_damp,-6500000,-0.220275001502647,1.98226727050573,0.0176829705792291,-0.0153891109687964,1
GFM-MWT+AD,K_damp,-6333333.33333333,-0.216613537263117,1.98270140227976,0.0173853232363296,-0.0153861932523538,1
GFM-MWT+AD,K_damp,-6166666.66666667,-0.212959303313475,1.98313264742692,0.0170884064646647,-0.0153832766432343,1
GFM-MWT+AD,K_damp,-6000000,-0.209312347311585,1.98356104430152,0.0167922220984306,-0.0153803611420005,1
GFM-MWT+AD,K_damp,-5833333.33333333,-0.205672713364513,1.98398663067029,0.0164967717186295,-0.0153774467464477,1
GFM-MWT+AD,K_damp,-5666666.66666667,-0.202040442168992,1.98440944371723,0.0162020566639895,-0.0153745334580528,1
GFM-MWT+AD,K_damp,-5500000,-0.198415571157221,1.98482952005066,0.0159080780422827,-0.0153716212729676,1
GFM-MWT+AD,K_damp,-5333333.33333333,-0.194798134622232,1.985246895708,0.0156148367400179,-0.0153687101936591,1
GFM-MWT+AD,K_damp,-5166666.66666667,-0.191188163855449,1.98566160616368,0.0153223334330758,-0.0153658002184994,1
GFM-MWT+AD,K_damp,-5000000,-0.187585687267205,1.98607368633412,0.015030568595997,-0.01536289134685,1
GFM-MWT+AD,K_damp,-4833333.33333333,-0.183990731935351,1.98648317032004,0.0147395426275909,-0.0153599804043646,1
GFM-MWT+AD,K_damp,-4666666.66666667,-0.180403317948887,1.98689009248521,0.0144492553895003,-0.015357073738548,1
GFM-MWT+AD,K_damp,-4500000,-0.176823467264192,1.98729448583883,0.0141597069273601,-0.0153541681732358,1
GFM-MWT+AD,K_damp,-4333333.33333333,-0.173251197921967,1.98769638313727,0.0138708969989114,-0.01535126371286,1
GFM-MWT+AD,K_damp,-4166666.66666667,-0.169686525030434,1.98809581672157,0.0135828251537679,-0.0153483615834796,1
GFM-MWT+AD,K_damp,-4000000,-0.166129463339844,1.98849281808744,0.0132954909420717,-0.0153454593193459,1
GFM-MWT+AD,K_damp,-3833333.33333333,-0.162580023571007,1.98888741855836,0.0130088936156373,-0.0153425581529877,1
GFM-MWT+AD,K_damp,-3666666.66666667,-0.159038215047069,1.98927964884373,0.0127230323413218,-0.0153396580863997,1
GFM-MWT+AD,K_damp,-3500000,-0.155504045145169,1.98966953915905,0.0124379061559422,-0.0153367591166742,1
GFM-MWT+AD,K_damp,-3333333.33333333,-0.151977519374653,1.99005711923392,0.0121535139721298,-0.0153338612442197,1
GFM-MWT+AD,K_damp,-3166666.66666667,-0.148458641462706,1.99044241831954,0.011869854584784,-0.015330964468323,1
GFM-MWT+AD,K_damp,-3000000,-0.144947413429937,1.99082546519571,0.0115869266767249,-0.0153280687882305,1
GFM-MWT+AD,K_damp,-2833333.33333333,-0.141443835667783,1.99120628817815,0.0113047288244918,-0.0153251742037814,1
GFM-MWT+AD,K_damp,-2666666.66666667,-0.137947907010791,1.9915849151262,0.0110232595037313,-0.0153222807124765,1
GFM-MWT+AD,K_damp,-2500000,-0.134459624804242,1.99196137344966,0.0107425170942204,-0.0153193883166427,1
GFM-MWT+AD,K_damp,-2333333.33333333,-0.13097898450498,1.99233569019926,0.0104624998471695,-0.0153164991950914,1
GFM-MWT+AD,K_damp,-2166666.66666667,-0.127505981661011,1.99270789173576,0.0101832060447504,-0.0153136089825568,1
GFM-MWT+AD,K_damp,-2000000,-0.124040609034631,1.99307800425381,0.00990463376718055,-0.0153107198637154,1
GFM-MWT+AD,K_damp,-1833333.33333333,-0.120582858664852,1.99344605343823,0.00962678105897912,-0.0153078318374097,1
GFM-MWT+AD,K_damp,-1666666.66666667,-0.117132721412194,1.99381206455994,0.00934964589175777,-0.0153049449008337,1
GFM-MWT+AD,K_damp,-1500000,-0.113690187013885,1.99417606248319,0.00907322616826538,-0.0153020590540148,1
GFM-MWT+AD,K_damp,-1333333.33333333,-0.110255244135459,1.99453807167252,0.00879751972615214,-0.015299174297485,1
GFM-MWT+AD,K_damp,-1166666.66666667,-0.106827880649834,1.99489811615447,0.00852252436007564,-0.0152962882530728,1
GFM-MWT+AD,K_damp,-1000000,-0.103408082693121,1.99525621971869,0.00824823774519942,-0.0152934058764649,1
GFM-MWT+AD,K_damp,-833333.333333334,-0.0999958363722213,1.99561240560477,0.00797465757445962,-0.0152905243854314,1
GFM-MWT+AD,K_damp,-666666.666666666,-0.0965911265117614,1.99596669675306,0.00770178145720084,-0.0152876439834528,1
GFM-MWT+AD,K_damp,-500000,-0.0931939371707133,1.9963191157154,0.00742960696046492,-0.01528476299581,1
GFM-MWT+AD,K_damp,-333333.333333334,-0.0898042514899653,1.9966696847333,0.00715813159624026,-0.0152818847636445,1
GFM-MWT+AD,K_damp,-166666.666666666,-0.0864220520851484,1.99701842564111,0.00688735285284456,-0.0152790095855406,1
GFM-MWT+AD,K_damp,0,-0.083047320628821,1.99736535993297,0.00661726816106704,-0.0152761334891671,1
GFM-MWT+AD,K_damp,166666.666666666,-0.0796800382411935,1.99771050878014,0.00634787492497017,-0.0152732585486853,1
GFM-MWT+AD,K_damp,333333.333333334,-0.0763201851423242,1.99805389302944,0.0060791704939093,-0.015270382693888,1
GFM-MWT+AD,K_damp,500000,-0.0729677415130311,1.99839553315134,0.0058111522309864,-0.0152675098847884,1
GFM-MWT+AD,K_damp,666666.666666666,-0.0696226867145368,1.99873544930498,0.00554381745038688,-0.0152646398214638,1
GFM-MWT+AD,K_damp,833333.333333334,-0.0662849989399945,1.99907366139584,0.0052771633892349,-0.0152617691729757,1
GFM-MWT+AD,K_damp,1000000,-0.0629546565956995,1.99941018894824,0.00501118731766747,-0.0152588996075514,1
GFM-MWT+AD,K_damp,1166666.66666667,-0.0596316372810179,1.99974505120851,0.00474588645704691,-0.0152560309215722,1
GFM-MWT+AD,K_damp,1333333.33333333,-0.056315918869297,2.00007826704285,0.00448125806597682,-0.0152531658806582,1
GFM-MWT+AD,K_damp,1500000,-0.0530074771340365,2.00040985520882,0.00421729925051174,-0.0152502995527936,1
GFM-MWT+AD,K_damp,1666666.66666667,-0.0497062888940107,2.00073983400699,0.00395400721500422,-0.0152474343036404,1
GFM-MWT+AD,K_damp,1833333.33333333,-0.0464123301359847,2.00106822150405,0.00369137911193177,-0.0152445701335863,1
GFM-MWT+AD,K_damp,2000000,-0.0431255764831702,2.00139503548692,0.00342941207904281,-0.0152417070415875,1
GFM-MWT+AD,K_damp,2166666.66666667,-0.0398460032160841,2.00172029346726,0.00316810324076504,-0.0152388450249519,1
GFM-MWT+AD,K_damp,2333333.33333333,-0.0365735852956094,2.00204401268726,0.00290744970979061,-0.0152359840847958,1
GFM-MWT+AD,K_damp,2500000,-0.0333082967342597,2.00236621020915,0.00264744853674908,-0.0152331220640748,1
GFM-MWT+AD,K_damp,2666666.66666667,-0.0300501131772508,2.00268690258268,0.0023880969155859,-0.0152302632751538,1
GFM-MWT+AD,K_damp,2833333.33333333,-0.0267990081313809,2.00300610634898,0.0021293918828714,-0.0152274055615287,1
GFM-MWT+AD,K_damp,3000000,-0.0235549554738476,2.00332383771816,0.00187133051746808,-0.0152245489209056,1
GFM-MWT+AD,K_damp,3166666.66666667,-0.0203179288564356,2.00364011265307,0.00161390989282534,-0.0152216933529603,1
GFM-MWT+AD,K_damp,3333333.33333333,-0.0170879017226089,2.00395494687433,0.00135712707811571,-0.0152188388585869,1
GFM-MWT+AD,K_damp,3500000,-0.0138648473217995,2.00426835586567,0.00110097913915269,-0.0138648473217995,1
GFM-MWT+AD,K_damp,3666666.66666667,-0.0106487387277274,2.00458035487643,0.000845463139634663,-0.0106487387277274,1
GFM-MWT+AD,K_damp,3833333.33333333,-0.00743954884847553,2.0048909589272,0.000590576141735428,-0.00743954884847553,1
GFM-MWT+AD,K_damp,4000000,-0.00423725044454548,2.0052001828133,0.000336315207333946,-0.00423725044454548,1
GFM-MWT+AD,K_damp,4166666.66666667,-0.00104181614274879,2.0055080411085,8.26773989163617e-05,-0.00104181614274879,1
GFM-MWT+AD,K_damp,4333333.33333333,0.00214678223427922,2.00581454826627,-0.000170340273813347,0.00214678223427922,0
GFM-MWT+AD,K_damp,4500000,0.0053285709616131,2.00611971824116,-0.000422740639387756,0.0053285709616131,0
GFM-MWT+AD,K_damp,4666666.66666667,0.00850357840140437,2.00642356506034,-0.000674526681322206,0.00850357840140437,0
GFM-MWT+AD,K_damp,4833333.33333333,0.0116718323464039,2.00672610245203,-0.000925701327489202,0.0116718323464039,0
GFM-MWT+AD,K_damp,5000000,0.01483335919375,2.00702734371683,-0.00117626738495819,0.01483335919375,0
